2006,1,01/07/2006,1,MA,Boston,8,119,6,1,6,24,82
2006,2,01/14/2006,1,MA,Boston,13,146,2,7,12,37,88
2006,3,01/21/2006,1,MA,Boston,7,151,5,2,7,37,100
2006,4,01/28/2006,1,MA,Boston,8,133,7,1,14,39,72
2006,5,02/04/2006,1,MA,Boston,13,150,15,6,10,36,83
2006,6,02/11/2006,1,MA,Boston,10,134,2,2,13,20,97
2006,7,02/18/2006,1,MA,Boston,13,153,4,7,8,31,103
2006,8,02/25/2006,1,MA,Boston,19,151,2,2,16,37,94
2006,9,03/04/2006,1,MA,Boston,18,143,10,3,0,6,94
2006,10,03/11/2006,1,MA,Boston,17,141,5,5,3,29,99
2006,11,03/18/2006,1,MA,Boston,9,134,3,4,6,26,95
2006,12,03/25/2006,1,MA,Boston,13,153,5,5,7,36,100
2006,13,04/01/2006,1,MA,Boston,18,152,4,6,17,32,93
2006,14,04/08/2006,1,MA,Boston,12,157,5,3,10,38,101
2006,15,04/15/2006,1,MA,Boston,8,125,2,6,7,35,75
2006,16,04/22/2006,1,MA,Boston,12,143,4,4,9,29,97
2006,17,04/29/2006,1,MA,Boston,11,138,2,2,11,35,88
2006,18,05/06/2006,1,MA,Boston,22,134,3,5,5,31,90
2006,19,05/13/2006,1,MA,Boston,10,144,4,2,10,43,85
2006,20,05/20/2006,1,MA,Boston,8,128,5,7,6,27,83
2006,21,05/27/2006,1,MA,Boston,22,156,4,4,12,39,97
2006,22,06/03/2006,1,MA,Boston,10,129,6,4,9,30,80
2006,23,06/10/2006,1,MA,Boston,19,152,4,2,5,40,101
2006,24,06/17/2006,1,MA,Boston,12,110,1,7,10,28,64
2006,25,06/24/2006,1,MA,Boston,12,131,4,5,8,34,80
2006,26,07/01/2006,1,MA,Boston,13,143,11,6,11,28,87
2006,27,07/08/2006,1,MA,Boston,17,124,2,6,5,24,87
2006,28,07/15/2006,1,MA,Boston,7,126,7,1,12,29,77
2006,29,07/22/2006,1,MA,Boston,13,126,6,3,8,31,78
2006,30,07/29/2006,1,MA,Boston,9,155,2,7,16,52,78
2006,31,08/05/2006,1,MA,Boston,9,128,4,9,27,17,71
2006,32,08/12/2006,1,MA,Boston,8,127,0,6,6,28,87
2006,33,08/19/2006,1,MA,Boston,17,132,3,3,8,33,85
2006,34,08/26/2006,1,MA,Boston,9,131,6,7,17,15,86
2006,35,09/02/2006,1,MA,Boston,14,122,7,3,6,20,86
2006,36,09/09/2006,1,MA,Boston,6,119,1,6,9,32,71
2006,37,09/16/2006,1,MA,Boston,12,137,1,1,9,30,96
2006,38,09/23/2006,1,MA,Boston,19,153,5,3,7,44,94
2006,39,09/30/2006,1,MA,Boston,7,137,5,6,11,37,78
2006,40,10/07/2006,1,MA,Boston,9,124,3,8,7,27,79
2006,41,10/14/2006,1,MA,Boston,9,138,5,2,6,30,95
2006,42,10/21/2006,1,MA,Boston,13,160,6,9,9,37,99
2006,43,10/28/2006,1,MA,Boston,11,140,4,4,7,37,88
2006,44,11/04/2006,1,MA,Boston,4,131,7,7,6,22,89
2006,45,11/11/2006,1,MA,Boston,12,125,9,3,7,32,74
2006,46,11/18/2006,1,MA,Boston,13,135,5,4,12,31,83
2006,47,11/25/2006,1,MA,Boston,9,124,6,5,7,30,76
2006,48,12/02/2006,1,MA,Boston,7,128,7,6,15,30,70
2006,49,12/09/2006,1,MA,Boston,15,142,4,4,4,29,101
2006,50,12/16/2006,1,MA,Boston,20,138,4,2,7,40,85
2006,51,12/23/2006,1,MA,Boston,14,126,1,2,13,20,90
2006,52,12/30/2006,1,MA,Boston,9,136,3,2,8,28,95
2007,1,01/06/2007,1,MA,Boston,13,146,5,2,5,29,105
2007,2,01/13/2007,1,MA,Boston,10,144,7,5,15,37,80
2007,3,01/20/2007,1,MA,Boston,9,136,5,4,10,29,88
2007,4,01/27/2007,1,MA,Boston,17,128,4,8,4,26,86
2007,5,02/03/2007,1,MA,Boston,8,132,3,5,11,35,78
2007,6,02/10/2007,1,MA,Boston,13,175,4,6,11,36,118
2007,7,02/17/2007,1,MA,Boston,18,138,4,3,9,28,94
2007,8,02/24/2007,1,MA,Boston,20,156,7,7,4,42,96
2007,9,03/03/2007,1,MA,Boston,13,162,3,3,13,31,112
2007,10,03/10/2007,1,MA,Boston,13,150,3,5,5,22,115
2007,11,03/17/2007,1,MA,Boston,15,146,10,10,8,35,83
2007,12,03/24/2007,1,MA,Boston,10,162,3,6,13,34,106
2007,13,03/31/2007,1,MA,Boston,17,140,6,4,7,28,95
2007,14,04/07/2007,1,MA,Boston,8,117,6,5,5,5,95
2007,15,04/14/2007,1,MA,Boston,17,166,3,5,14,37,104
2007,16,04/21/2007,1,MA,Boston,15,163,5,1,8,39,110
2007,17,04/28/2007,1,MA,Boston,16,133,4,8,7,31,83
2007,18,05/05/2007,1,MA,Boston,12,152,7,5,10,38,92
2007,19,05/12/2007,1,MA,Boston,9,135,4,12,9,30,80
2007,20,05/19/2007,1,MA,Boston,16,125,1,1,8,34,81
2007,21,05/26/2007,1,MA,Boston,14,148,3,4,7,28,106
2007,22,06/02/2007,1,MA,Boston,11,132,7,3,11,32,79
2007,23,06/09/2007,1,MA,Boston,10,128,4,5,9,28,82
2007,24,06/16/2007,1,MA,Boston,11,109,5,7,3,24,70
2007,25,06/23/2007,1,MA,Boston,7,133,2,4,13,41,73
2007,26,06/30/2007,1,MA,Boston,7,110,4,5,9,27,65
2007,27,07/07/2007,1,MA,Boston,10,163,7,6,10,32,108
2007,28,07/14/2007,1,MA,Boston,13,138,3,1,11,35,88
2007,29,07/21/2007,1,MA,Boston,7,141,4,5,14,33,85
2007,30,07/28/2007,1,MA,Boston,7,185,8,5,13,41,88
2007,31,08/04/2007,1,MA,Boston,9,111,1,4,3,26,77
2007,32,08/11/2007,1,MA,Boston,16,148,6,2,17,32,91
2007,33,08/18/2007,1,MA,Boston,15,148,5,3,13,35,92
2007,34,08/25/2007,1,MA,Boston,6,129,5,4,17,26,77
2007,35,09/01/2007,1,MA,Boston,8,158,6,23,6,29,94
2007,36,09/08/2007,1,MA,Boston,5,118,6,4,5,26,77
2007,37,09/15/2007,1,MA,Boston,13,140,4,3,10,46,76
2007,38,09/22/2007,1,MA,Boston,6,116,0,4,10,20,82
2007,39,09/29/2007,1,MA,Boston,11,124,4,3,11,29,77
2007,40,10/06/2007,1,MA,Boston,11,132,6,6,8,35,77
2007,41,10/13/2007,1,MA,Boston,13,146,1,5,8,37,95
2007,42,10/20/2007,1,MA,Boston,8,124,2,5,9,23,85
2007,43,10/27/2007,1,MA,Boston,15,150,4,5,8,34,99
2007,44,11/03/2007,1,MA,Boston,10,117,4,6,7,22,78
2007,45,11/10/2007,1,MA,Boston,10,116,3,4,5,30,74
2007,46,11/17/2007,1,MA,Boston,6,115,2,2,5,32,74
2007,47,11/24/2007,1,MA,Boston,11,149,6,4,8,39,92
2007,48,12/01/2007,1,MA,Boston,15,164,8,6,15,25,110
2007,49,12/08/2007,1,MA,Boston,12,142,8,5,6,36,87
2007,50,12/15/2007,1,MA,Boston,13,128,6,3,8,25,86
2007,51,12/22/2007,1,MA,Boston,14,119,2,1,10,20,86
2007,52,12/29/2007,1,MA,Boston,18,138,3,2,7,41,85
2008,1,01/05/2008,1,MA,Boston,9,143,4,1,4,35,99
2008,2,01/12/2008,1,MA,Boston,10,148,3,3,14,29,99
2008,3,01/19/2008,1,MA,Boston,15,171,7,13,11,28,112
2008,4,01/26/2008,1,MA,Boston,11,151,6,8,12,30,95
2008,5,02/02/2008,1,MA,Boston,14,145,1,1,11,33,99
2008,6,02/09/2008,1,MA,Boston,16,161,5,3,11,37,105
2008,7,02/16/2008,1,MA,Boston,15,128,7,6,2,31,82
2008,8,02/23/2008,1,MA,Boston,11,175,3,7,6,49,110
2008,9,03/01/2008,1,MA,Boston,22,153,9,3,12,38,91
2008,10,03/08/2008,1,MA,Boston,12,127,4,4,5,21,93
2008,11,03/15/2008,1,MA,Boston,16,132,5,2,12,31,82
2008,12,03/22/2008,1,MA,Boston,19,163,3,4,9,40,107
2008,13,03/29/2008,1,MA,Boston,18,129,6,2,9,30,81
2008,14,04/05/2008,1,MA,Boston,18,145,6,4,4,37,94
2008,15,04/12/2008,1,MA,Boston,16,137,4,5,8,28,92
2008,16,04/19/2008,1,MA,Boston,18,159,17,8,10,40,84
2008,17,04/26/2008,1,MA,Boston,14,123,2,8,7,26,73
2008,18,05/03/2008,1,MA,Boston,14,156,7,5,6,31,107
2008,19,05/10/2008,1,MA,Boston,10,128,3,3,7,35,80
2008,20,05/17/2008,1,MA,Boston,10,116,1,2,8,26,79
2008,21,05/24/2008,1,MA,Boston,6,132,6,2,7,24,93
2008,22,05/31/2008,1,MA,Boston,11,163,8,3,11,30,111
2008,23,06/07/2008,1,MA,Boston,10,122,7,5,2,23,85
2008,24,06/14/2008,1,MA,Boston,8,160,4,2,15,42,97
2008,25,06/21/2008,1,MA,Boston,16,149,6,5,8,33,97
2008,26,06/28/2008,1,MA,Boston,16,118,4,7,7,35,65
2008,27,07/05/2008,1,MA,Boston,13,112,5,9,10,31,57
2008,28,07/12/2008,1,MA,Boston,16,119,3,3,11,30,72
2008,29,07/19/2008,1,MA,Boston,6,118,2,2,6,27,81
2008,30,07/26/2008,1,MA,Boston,13,142,3,5,5,27,102
2008,31,08/02/2008,1,MA,Boston,5,129,5,4,8,35,77
2008,32,08/09/2008,1,MA,Boston,13,134,3,4,11,30,86
2008,33,08/16/2008,1,MA,Boston,14,147,4,1,13,32,97
2008,34,08/23/2008,1,MA,Boston,5,121,2,2,10,25,82
2008,35,08/30/2008,1,MA,Boston,9,127,6,0,13,29,79
2008,36,09/06/2008,1,MA,Boston,8,124,6,1,7,24,86
2008,37,09/13/2008,1,MA,Boston,7,155,6,5,12,39,93
2008,38,09/20/2008,1,MA,Boston,7,118,4,8,7,28,71
2008,39,09/27/2008,1,MA,Boston,13,124,3,3,10,31,72
2008,40,10/04/2008,1,MA,Boston,11,141,3,2,7,42,87
2008,41,10/11/2008,1,MA,Boston,11,144,5,4,8,38,89
2008,42,10/18/2008,1,MA,Boston,15,133,1,4,3,29,96
2008,43,10/25/2008,1,MA,Boston,13,140,7,4,17,31,81
2008,44,11/01/2008,1,MA,Boston,11,167,5,4,12,53,93
2008,45,11/08/2008,1,MA,Boston,8,134,4,8,21,31,70
2008,46,11/15/2008,1,MA,Boston,12,148,4,2,10,30,102
2008,47,11/22/2008,1,MA,Boston,14,141,4,1,10,47,79
2008,48,11/29/2008,1,MA,Boston,16,154,5,6,7,36,100
2008,49,12/06/2008,1,MA,Boston,12,149,3,5,12,39,90
2008,50,12/13/2008,1,MA,Boston,14,137,3,6,3,30,95
2008,51,12/20/2008,1,MA,Boston,13,122,2,1,11,32,76
2008,52,12/27/2008,1,MA,Boston,8,100,1,4,2,25,68
2008,53,01/03/2009,1,MA,Boston,13,143,6,1,7,38,91
2009,1,01/10/2009,1,MA,Boston,19,171,4,3,5,43,116
2009,2,01/17/2009,1,MA,Boston,21,174,8,4,10,39,113
2009,3,01/24/2009,1,MA,Boston,12,147,3,3,15,28,98
2009,4,01/31/2009,1,MA,Boston,16,135,4,3,9,32,87
2009,5,02/07/2009,1,MA,Boston,16,143,3,5,14,29,92
2009,6,02/14/2009,1,MA,Boston,18,152,5,3,12,37,95
2009,7,02/21/2009,1,MA,Boston,18,141,7,4,8,35,87
2009,8,02/28/2009,1,MA,Boston,14,132,2,3,10,29,88
2009,9,03/07/2009,1,MA,Boston,20,145,3,2,6,36,98
2009,10,03/14/2009,1,MA,Boston,20,149,5,2,14,26,102
2009,11,03/21/2009,1,MA,Boston,15,150,3,7,9,42,89
2009,12,03/28/2009,1,MA,Boston,16,157,5,,7,40,105
2009,13,04/04/2009,1,MA,Boston,17,137,4,4,15,32,82
2009,14,04/11/2009,1,MA,Boston,14,138,6,6,10,38,78
2009,15,04/18/2009,1,MA,Boston,14,128,4,5,5,33,81
2009,16,04/25/2009,1,MA,Boston,9,125,4,2,9,33,77
2009,17,05/02/2009,1,MA,Boston,15,146,5,6,12,31,92
2009,18,05/09/2009,1,MA,Boston,19,145,3,5,8,42,87
2009,19,05/16/2009,1,MA,Boston,13,136,3,8,6,30,89
2009,20,05/23/2009,1,MA,Boston,8,142,5,0,11,51,75
2009,21,05/30/2009,1,MA,Boston,13,129,2,8,6,32,81
2009,22,06/06/2009,1,MA,Boston,7,125,3,5,13,30,74
2009,23,06/13/2009,1,MA,Boston,17,136,9,2,5,34,86
2009,24,06/20/2009,1,MA,Boston,12,148,2,3,10,51,82
2009,25,06/27/2009,1,MA,Boston,12,133,5,2,8,38,80
2009,26,07/04/2009,1,MA,Boston,6,108,1,2,7,28,70
2009,27,07/11/2009,1,MA,Boston,11,127,7,8,5,36,71
2009,28,07/18/2009,1,MA,Boston,12,139,5,3,5,38,88
2009,29,07/25/2009,1,MA,Boston,7,107,4,2,11,31,59
2009,30,08/01/2009,1,MA,Boston,14,123,5,5,10,34,69
2009,31,08/08/2009,1,MA,Boston,9,132,7,1,13,36,75
2009,32,08/15/2009,1,MA,Boston,15,134,4,3,8,40,79
2009,33,08/22/2009,1,MA,Boston,12,126,4,5,6,35,76
2009,34,08/29/2009,1,MA,Boston,9,137,5,8,12,35,77
2009,35,09/05/2009,1,MA,Boston,4,106,8,2,7,29,60
2009,36,09/12/2009,1,MA,Boston,6,118,5,6,10,29,68
2009,37,09/19/2009,1,MA,Boston,9,144,3,6,8,38,89
2009,38,09/26/2009,1,MA,Boston,17,130,6,4,9,31,80
2009,39,10/03/2009,1,MA,Boston,12,128,2,3,9,31,83
2009,40,10/10/2009,1,MA,Boston,5,104,2,2,5,23,72
2009,41,10/17/2009,1,MA,Boston,20,143,4,3,10,37,89
2009,42,10/24/2009,1,MA,Boston,13,154,9,10,8,32,95
2009,43,10/31/2009,1,MA,Boston,14,129,3,0,11,36,79
2009,44,11/07/2009,1,MA,Boston,18,148,8,5,4,38,93
2009,45,11/14/2009,1,MA,Boston,12,136,4,3,12,27,90
2009,46,11/21/2009,1,MA,Boston,21,142,6,4,8,42,82
2009,47,11/28/2009,1,MA,Boston,12,114,6,1,17,30,60
2009,48,12/05/2009,1,MA,Boston,16,164,5,4,11,37,107
2009,49,12/12/2009,1,MA,Boston,9,122,3,1,16,39,63
2009,50,12/19/2009,1,MA,Boston,18,158,4,,10,54,90
2009,51,12/26/2009,1,MA,Boston,9,90,2,3,4,21,60
2009,52,01/02/2010,1,MA,Boston,15,142,4,3,6,35,94
2010,1,01/09/2010,1,MA,Boston,17,181,2,1,12,45,121
2010,2,01/16/2010,1,MA,Boston,13,168,5,3,13,41,106
2010,3,01/23/2010,1,MA,Boston,17,159,7,1,9,43,99
2010,4,01/30/2010,1,MA,Boston,18,155,1,3,14,41,96
2010,5,02/06/2010,1,MA,Boston,15,164,7,3,8,46,100
2010,6,02/13/2010,1,MA,Boston,11,111,2,3,7,25,74
2010,7,02/20/2010,1,MA,Boston,15,131,3,1,8,39,80
2010,8,02/27/2010,1,MA,Boston,12,135,5,3,8,35,84
2010,9,03/06/2010,1,MA,Boston,11,140,6,4,6,32,92
2010,10,03/13/2010,1,MA,Boston,13,137,5,2,12,37,81
2010,11,03/20/2010,1,MA,Boston,15,141,2,2,7,32,98
2010,12,03/27/2010,1,MA,Boston,14,135,1,4,6,31,93
2010,13,04/03/2010,1,MA,Boston,13,128,1,6,11,32,78
2010,14,04/10/2010,1,MA,Boston,13,154,2,5,11,28,108
2010,15,04/17/2010,1,MA,Boston,12,132,4,5,7,31,85
2010,16,04/24/2010,1,MA,Boston,12,144,3,5,6,46,84
2010,17,05/01/2010,1,MA,Boston,16,114,3,3,4,29,75
2010,18,05/08/2010,1,MA,Boston,10,127,2,5,12,36,72
2010,19,05/15/2010,1,MA,Boston,14,110,3,2,7,24,74
2010,20,05/22/2010,1,MA,Boston,8,124,2,5,3,40,74
2010,21,05/29/2010,1,MA,Boston,10,125,,4,6,27,88
2010,22,06/05/2010,1,MA,Boston,18,130,4,6,10,33,77
2010,23,06/12/2010,1,MA,Boston,14,127,3,2,3,36,83
2010,24,06/19/2010,1,MA,Boston,16,135,2,3,7,30,93
2010,25,06/26/2010,1,MA,Boston,13,144,1,3,15,39,86
2010,26,07/03/2010,1,MA,Boston,9,120,6,3,5,42,64
2010,27,07/10/2010,1,MA,Boston,8,106,5,3,11,26,61
2010,28,07/17/2010,1,MA,Boston,10,138,3,3,7,45,80
2010,29,07/24/2010,1,MA,Boston,13,121,,2,9,35,75
2010,30,07/31/2010,1,MA,Boston,5,116,5,5,7,23,76
2010,31,08/07/2010,1,MA,Boston,17,131,4,5,5,37,80
2010,32,08/14/2010,1,MA,Boston,17,133,3,4,11,33,82
2010,33,08/21/2010,1,MA,Boston,20,133,1,5,6,37,84
2010,34,08/28/2010,1,MA,Boston,13,142,6,4,10,32,90
2010,35,09/04/2010,1,MA,Boston,14,132,3,3,6,38,82
2010,36,09/11/2010,1,MA,Boston,18,140,2,6,11,28,93
2010,37,09/18/2010,1,MA,Boston,7,119,4,8,7,33,67
2010,38,09/25/2010,1,MA,Boston,20,150,4,4,7,46,89
2010,39,10/02/2010,1,MA,Boston,19,131,5,3,5,28,90
2010,40,10/09/2010,1,MA,Boston,12,126,4,5,6,41,70
2010,41,10/16/2010,1,MA,Boston,7,140,4,2,8,33,93
2010,42,10/23/2010,1,MA,Boston,13,139,3,6,7,33,90
2010,43,10/30/2010,1,MA,Boston,15,158,4,4,8,43,99
2010,44,11/06/2010,1,MA,Boston,19,135,3,2,4,43,83
2010,45,11/13/2010,1,MA,Boston,6,124,2,4,12,37,69
2010,46,11/20/2010,1,MA,Boston,14,142,3,5,11,32,91
2010,47,11/27/2010,1,MA,Boston,13,130,2,6,7,23,92
2010,48,12/04/2010,1,MA,Boston,14,152,2,2,8,44,96
2010,49,12/11/2010,1,MA,Boston,12,139,3,6,13,38,79
2010,50,12/18/2010,1,MA,Boston,10,139,3,3,18,31,84
2010,51,12/25/2010,1,MA,Boston,9,124,4,8,6,34,72
2010,52,01/01/2011,1,MA,Boston,11,130,,1,9,27,93
2011,1,01/08/2011,1,MA,Boston,19,177,2,3,9,39,124
2011,2,01/15/2011,1,MA,Boston,5,134,3,6,5,37,83
2011,3,01/22/2011,1,MA,Boston,22,159,8,5,11,35,100
2011,4,01/29/2011,1,MA,Boston,12,143,2,2,5,34,100
2011,5,02/05/2011,1,MA,Boston,11,112,7,1,5,31,68
2011,6,02/12/2011,1,MA,Boston,23,156,3,3,10,35,105
2011,7,02/19/2011,1,MA,Boston,20,132,1,1,15,28,87
2011,8,02/26/2011,1,MA,Boston,14,130,1,1,5,34,89
2011,9,03/05/2011,1,MA,Boston,15,141,2,3,7,32,97
2011,10,03/12/2011,1,MA,Boston,17,150,1,8,13,43,85
2011,11,03/19/2011,1,MA,Boston,15,135,3,2,6,39,85
2011,12,03/26/2011,1,MA,Boston,11,143,4,3,6,31,99
2011,13,04/02/2011,1,MA,Boston,18,154,4,7,9,42,92
2011,14,04/09/2011,1,MA,Boston,19,152,7,4,6,31,104
2011,15,04/16/2011,1,MA,Boston,17,132,,5,6,31,90
2011,16,04/23/2011,1,MA,Boston,10,137,4,3,5,48,77
2011,17,04/30/2011,1,MA,Boston,12,129,3,6,7,29,84
2011,18,05/07/2011,1,MA,Boston,15,132,3,4,10,38,77
2011,19,05/14/2011,1,MA,Boston,12,133,4,2,7,34,86
2011,20,05/21/2011,1,MA,Boston,11,103,1,,7,32,63
2011,21,05/28/2011,1,MA,Boston,9,120,4,2,6,33,75
2011,22,06/04/2011,1,MA,Boston,9,110,2,2,12,31,63
2011,23,06/11/2011,1,MA,Boston,9,151,8,8,14,39,82
2011,24,06/18/2011,1,MA,Boston,5,114,1,3,9,24,77
2011,25,06/25/2011,1,MA,Boston,17,121,4,9,8,19,81
2011,26,07/02/2011,1,MA,Boston,13,126,3,4,13,29,77
2011,27,07/09/2011,1,MA,Boston,6,127,3,2,7,36,79
2011,28,07/16/2011,1,MA,Boston,14,139,3,4,10,41,81
2011,29,07/23/2011,1,MA,Boston,13,138,3,1,6,35,93
2011,30,07/30/2011,1,MA,Boston,11,120,3,3,8,33,73
2011,31,08/06/2011,1,MA,Boston,7,144,4,6,10,34,90
2011,32,08/13/2011,1,MA,Boston,17,118,1,4,7,29,77
2011,33,08/20/2011,1,MA,Boston,8,122,2,7,17,21,75
2011,34,08/27/2011,1,MA,Boston,10,122,4,4,8,29,77
2011,35,09/03/2011,1,MA,Boston,13,130,4,2,8,32,84
2011,36,09/10/2011,1,MA,Boston,8,137,5,5,7,38,82
2011,37,09/17/2011,1,MA,Boston,13,135,3,2,5,41,84
2011,38,09/24/2011,1,MA,Boston,11,124,3,4,6,36,75
2011,39,10/01/2011,1,MA,Boston,11,142,8,3,7,38,86
2011,40,10/08/2011,1,MA,Boston,11,137,4,2,9,37,85
2011,41,10/15/2011,1,MA,Boston,11,138,3,4,10,33,88
2011,42,10/22/2011,1,MA,Boston,12,141,5,5,7,34,90
2011,43,10/29/2011,1,MA,Boston,15,143,2,5,12,37,87
2011,44,11/05/2011,1,MA,Boston,12,147,1,5,6,33,102
2011,45,11/12/2011,1,MA,Boston,16,135,2,3,7,29,94
2011,46,11/19/2011,1,MA,Boston,13,153,5,4,10,40,94
2011,47,11/26/2011,1,MA,Boston,16,113,2,6,8,27,70
2011,48,12/03/2011,1,MA,Boston,15,168,11,4,10,38,105
2011,49,12/10/2011,1,MA,Boston,10,118,4,2,9,29,74
2011,50,12/17/2011,1,MA,Boston,13,135,2,7,7,34,85
2011,51,12/24/2011,1,MA,Boston,12,129,8,4,9,27,81
2011,52,12/31/2011,1,MA,Boston,10,118,4,2,5,26,81
2012,1,01/07/2012,1,MA,Boston,10,137,3,5,3,31,95
2012,2,01/14/2012,1,MA,Boston,12,145,6,3,9,40,87
2012,3,01/21/2012,1,MA,Boston,16,143,2,6,7,38,90
2012,4,01/28/2012,1,MA,Boston,13,138,0,4,8,38,87
2012,5,02/04/2012,1,MA,Boston,15,162,5,5,9,46,97
2012,6,02/11/2012,1,MA,Boston,17,143,3,2,9,28,100
2012,7,02/18/2012,1,MA,Boston,17,156,6,4,8,40,98
2012,8,02/25/2012,1,MA,Boston,13,118,5,2,12,29,70
2012,9,03/03/2012,1,MA,Boston,14,115,4,1,8,22,80
2012,10,03/10/2012,1,MA,Boston,16,142,1,3,7,41,90
2012,11,03/17/2012,1,MA,Boston,7,124,5,3,7,33,76
2012,12,03/24/2012,1,MA,Boston,11,127,4,3,7,40,73
2012,13,03/31/2012,1,MA,Boston,17,141,2,3,5,41,90
2012,14,04/07/2012,1,MA,Boston,12,133,3,2,6,26,96
2012,15,04/14/2012,1,MA,Boston,11,122,4,2,7,31,78
2012,16,04/21/2012,1,MA,Boston,16,138,2,11,10,33,82
2012,17,04/28/2012,1,MA,Boston,9,143,3,4,13,39,84
2012,18,05/05/2012,1,MA,Boston,16,142,3,4,10,39,86
2012,19,05/12/2012,1,MA,Boston,10,134,3,3,9,35,84
2012,20,05/19/2012,1,MA,Boston,7,138,5,4,8,27,94
2012,21,05/26/2012,1,MA,Boston,17,126,4,1,10,37,74
2012,22,06/02/2012,1,MA,Boston,5,120,1,1,11,31,76
2012,23,06/09/2012,1,MA,Boston,14,158,4,3,14,36,101
2012,24,06/16/2012,1,MA,Boston,8,129,4,2,6,36,81
2012,25,06/23/2012,1,MA,Boston,13,133,4,4,10,24,91
2012,26,06/30/2012,1,MA,Boston,16,130,2,5,10,27,86
2012,27,07/07/2012,1,MA,Boston,6,119,10,2,11,24,72
2012,28,07/14/2012,1,MA,Boston,10,139,3,7,15,39,75
2012,29,07/21/2012,1,MA,Boston,8,126,2,6,7,26,85
2012,30,07/28/2012,1,MA,Boston,7,123,2,2,11,36,72
2012,31,08/04/2012,1,MA,Boston,4,114,6,6,5,32,65
2012,32,08/11/2012,1,MA,Boston,15,146,2,1,8,46,89
2012,33,08/18/2012,1,MA,Boston,9,132,0,4,9,37,82
2012,34,08/25/2012,1,MA,Boston,12,142,6,6,9,38,83
2012,35,09/01/2012,1,MA,Boston,8,126,3,5,8,36,74
2012,36,09/08/2012,1,MA,Boston,11,147,8,2,7,46,84
2012,37,09/15/2012,1,MA,Boston,11,127,0,5,9,35,78
2012,38,09/22/2012,1,MA,Boston,8,137,9,5,7,37,79
2012,39,09/29/2012,1,MA,Boston,14,130,6,4,10,30,80
2012,40,10/06/2012,1,MA,Boston,19,147,0,3,8,35,101
2012,41,10/13/2012,1,MA,Boston,10,134,7,7,8,31,81
2012,42,10/20/2012,1,MA,Boston,13,135,4,3,13,43,72
2012,43,10/27/2012,1,MA,Boston,12,148,1,3,10,36,98
2012,44,11/03/2012,1,MA,Boston,21,145,2,5,9,30,99
2012,45,11/10/2012,1,MA,Boston,15,140,7,6,11,32,84
2012,46,11/17/2012,1,MA,Boston,17,157,7,4,9,40,97
2012,47,11/24/2012,1,MA,Boston,15,104,3,5,5,18,73
2012,48,12/01/2012,1,MA,Boston,14,160,2,7,8,38,105
2012,49,12/08/2012,1,MA,Boston,10,128,3,4,4,35,82
2012,50,12/15/2012,1,MA,Boston,19,136,3,5,6,37,85
2012,51,12/22/2012,1,MA,Boston,23,156,3,2,8,36,107
2012,52,12/29/2012,1,MA,Boston,8,139,1,1,6,40,91
2013,1,01/05/2013,1,MA,Boston,21,158,4,5,9,30,110
2013,2,01/12/2013,1,MA,Boston,28,212,3,5,9,48,147
2013,3,01/19/2013,1,MA,Boston,26,176,5,4,8,46,113
2013,4,01/26/2013,1,MA,Boston,31,166,6,5,10,34,111
2013,5,02/02/2013,1,MA,Boston,12,134,1,4,3,39,87
2013,6,02/09/2013,1,MA,Boston,18,135,3,4,6,29,93
2013,7,02/16/2013,1,MA,Boston,13,139,1,3,11,42,82
2013,8,02/23/2013,1,MA,Boston,17,164,2,1,10,47,104
2013,9,03/02/2013,1,MA,Boston,17,153,3,2,7,40,101
2013,10,03/09/2013,1,MA,Boston,8,129,1,5,6,30,87
2013,11,03/16/2013,1,MA,Boston,17,132,2,5,4,27,94
2013,12,03/23/2013,1,MA,Boston,10,121,0,3,7,31,80
2013,13,03/30/2013,1,MA,Boston,12,145,4,3,12,33,93
2013,14,04/06/2013,1,MA,Boston,24,152,5,4,7,39,97
2013,15,04/13/2013,1,MA,Boston,16,157,3,3,13,37,101
2013,16,04/20/2013,1,MA,Boston,14,126,5,1,8,22,90
2013,17,04/27/2013,1,MA,Boston,15,151,8,5,11,35,92
2013,18,05/04/2013,1,MA,Boston,9,138,5,5,7,38,83
2013,19,05/11/2013,1,MA,Boston,10,121,5,4,5,34,73
2013,20,05/18/2013,1,MA,Boston,14,125,2,9,6,30,78
2013,21,05/25/2013,1,MA,Boston,14,128,3,5,4,30,86
2013,22,06/01/2013,1,MA,Boston,17,125,3,4,5,32,81
2013,23,06/08/2013,1,MA,Boston,10,168,2,6,13,43,104
2013,24,06/15/2013,1,MA,Boston,8,137,4,3,4,40,86
2013,25,06/22/2013,1,MA,Boston,1,116,2,3,10,31,70
2013,26,06/29/2013,1,MA,Boston,7,128,7,5,9,32,75
2013,27,07/06/2013,1,MA,Boston,4,109,1,1,13,26,68
2013,28,07/13/2013,1,MA,Boston,16,149,6,7,11,48,77
2013,29,07/20/2013,1,MA,Boston,8,153,3,2,10,40,98
2013,30,07/27/2013,1,MA,Boston,4,140,4,5,9,30,92
2013,31,08/03/2013,1,MA,Boston,7,110,4,2,8,28,68
2013,32,08/10/2013,1,MA,Boston,4,142,5,4,13,27,93
2013,33,08/17/2013,1,MA,Boston,10,135,2,1,10,32,90
2013,34,08/24/2013,1,MA,Boston,6,128,3,3,10,27,85
2013,35,08/31/2013,1,MA,Boston,9,135,2,2,6,32,93
2013,36,09/07/2013,1,MA,Boston,5,121,3,3,6,32,77
2013,37,09/14/2013,1,MA,Boston,11,134,0,3,9,36,86
2013,38,09/21/2013,1,MA,Boston,10,134,2,2,4,35,91
2013,39,09/28/2013,1,MA,Boston,8,139,3,3,7,39,87
2013,40,10/05/2013,1,MA,Boston,13,127,2,5,11,40,69
2013,41,10/12/2013,1,MA,Boston,9,157,6,1,15,26,109
2013,42,10/19/2013,1,MA,Boston,12,141,1,1,7,29,103
2013,43,10/26/2013,1,MA,Boston,12,144,3,3,8,32,98
2013,44,11/02/2013,1,MA,Boston,11,126,5,1,5,29,86
2013,45,11/09/2013,1,MA,Boston,11,127,2,4,6,36,79
2013,46,11/16/2013,1,MA,Boston,2,117,3,1,6,25,82
2013,47,11/23/2013,1,MA,Boston,11,135,0,3,6,37,89
2013,48,11/30/2013,1,MA,Boston,14,117,3,5,14,28,67
2013,49,12/07/2013,1,MA,Boston,15,151,4,2,6,38,101
2013,50,12/14/2013,1,MA,Boston,17,144,2,4,10,34,94
2013,51,12/21/2013,1,MA,Boston,14,139,1,5,3,33,97
2013,52,12/28/2013,1,MA,Boston,14,134,6,2,9,28,89
2014,1,01/04/2014,1,MA,Boston,7,108,4,2,7,18,77
2014,2,01/11/2014,1,MA,Boston,22,181,3,2,11,40,125
2014,3,01/18/2014,1,MA,Boston,14,168,3,3,13,38,111
2014,4,01/25/2014,1,MA,Boston,18,157,5,6,7,41,98
2014,5,02/01/2014,1,MA,Boston,10,165,4,6,9,43,103
2014,6,02/08/2014,1,MA,Boston,19,147,4,5,12,27,99
2014,7,02/15/2014,1,MA,Boston,11,159,2,5,11,39,102
2014,8,02/22/2014,1,MA,Boston,15,155,5,3,7,45,95
2014,9,03/01/2014,1,MA,Boston,15,137,4,2,9,39,83
2014,10,03/08/2014,1,MA,Boston,15,128,2,5,13,24,84
2014,11,03/15/2014,1,MA,Boston,19,191,6,3,13,49,120
2014,12,03/22/2014,1,MA,Boston,10,147,10,5,7,34,91
2014,13,03/29/2014,1,MA,Boston,13,134,4,1,11,33,85
2014,14,04/05/2014,1,MA,Boston,14,143,4,2,17,32,88
2014,15,04/12/2014,1,MA,Boston,15,141,1,3,9,39,89
2014,16,04/19/2014,1,MA,Boston,16,150,3,5,7,34,101
2014,17,04/26/2014,1,MA,Boston,16,155,4,5,6,37,103
2014,18,05/03/2014,1,MA,Boston,19,160,2,4,9,35,110
2014,19,05/10/2014,1,MA,Boston,16,132,2,3,8,36,83
2014,20,05/17/2014,1,MA,Boston,11,126,1,4,6,34,81
2014,21,05/24/2014,1,MA,Boston,18,150,3,4,8,38,97
2014,22,05/31/2014,1,MA,Boston,10,135,11,5,8,30,81
2014,23,06/07/2014,1,MA,Boston,15,111,4,4,8,29,66
2014,24,06/14/2014,1,MA,Boston,14,144,5,2,10,37,89
2014,25,06/21/2014,1,MA,Boston,19,143,7,6,9,31,90
2014,26,06/28/2014,1,MA,Boston,14,139,2,6,8,27,96
2014,27,07/05/2014,1,MA,Boston,9,124,0,3,9,31,81
2014,28,07/12/2014,1,MA,Boston,11,136,2,2,8,33,91
2014,29,07/19/2014,1,MA,Boston,12,161,4,8,11,44,94
2014,30,07/26/2014,1,MA,Boston,11,121,4,3,10,31,73
2014,31,08/02/2014,1,MA,Boston,12,143,8,4,10,35,86
2014,32,08/09/2014,1,MA,Boston,9,128,8,3,5,32,80
2014,33,08/16/2014,1,MA,Boston,14,133,5,3,7,36,82
2014,34,08/23/2014,1,MA,Boston,5,124,4,2,6,35,77
2014,35,08/30/2014,1,MA,Boston,10,119,2,2,7,31,77
2014,36,09/06/2014,1,MA,Boston,11,130,5,4,6,38,77
2014,37,09/13/2014,1,MA,Boston,11,130,2,3,9,31,85
2014,38,09/20/2014,1,MA,Boston,5,116,2,2,6,31,75
2014,39,09/27/2014,1,MA,Boston,9,114,5,2,6,24,77
2014,40,10/04/2014,1,MA,Boston,3,120,5,1,9,29,76
2014,41,10/11/2014,1,MA,Boston,8,102,0,1,6,23,72
2014,42,10/18/2014,1,MA,Boston,5,91,0,2,3,29,57
2014,43,10/25/2014,1,MA,Boston,4,88,3,2,8,23,52
2014,44,11/01/2014,1,MA,Boston,10,79,1,2,2,16,58
2014,45,11/08/2014,1,MA,Boston,4,61,3,2,8,11,37
2014,46,11/15/2014,1,MA,Boston,9,143,1,3,12,34,93
2014,47,11/22/2014,1,MA,Boston,3,128,2,2,11,43,70
2014,48,11/29/2014,1,MA,Boston,12,119,3,1,7,26,82
2014,49,12/06/2014,1,MA,Boston,8,146,0,4,15,34,93
2014,50,12/13/2014,1,MA,Boston,9,141,2,3,7,31,98
2014,51,12/20/2014,1,MA,Boston,16,148,4,1,10,27,105
2014,52,12/27/2014,1,MA,Boston,7,107,1,6,9,24,67
2014,53,01/03/2015,1,MA,Boston,13,160,2,3,11,39,105
2015,1,01/10/2015,1,MA,Boston,16,165,5,6,9,45,100
2015,2,01/17/2015,1,MA,Boston,18,161,4,6,10,38,103
2015,3,01/24/2015,1,MA,Boston,16,163,10,2,8,37,106
2015,4,01/31/2015,1,MA,Boston,16,143,2,2,7,37,95
2015,5,02/07/2015,1,MA,Boston,25,176,0,4,15,31,126
2015,6,02/14/2015,1,MA,Boston,27,180,4,4,11,53,108
2015,7,02/21/2015,1,MA,Boston,24,169,5,3,4,41,116
2015,8,02/28/2015,1,MA,Boston,13,203,3,5,13,59,123
2015,9,03/07/2015,1,MA,Boston,19,191,9,2,13,41,126
2015,10,03/14/2015,1,MA,Boston,24,167,3,0,11,43,110
2015,11,03/21/2015,1,MA,Boston,9,148,4,3,12,26,103
2015,12,03/28/2015,1,MA,Boston,22,149,4,4,13,32,96
2015,13,04/04/2015,1,MA,Boston,12,128,4,2,10,28,84
2015,14,04/11/2015,1,MA,Boston,17,163,2,4,16,38,103
2015,15,04/18/2015,1,MA,Boston,17,129,1,4,9,33,82
2015,16,04/25/2015,1,MA,Boston,12,146,6,1,13,33,93
2015,17,05/02/2015,1,MA,Boston,15,148,3,6,10,43,86
2015,18,05/09/2015,1,MA,Boston,13,157,5,3,4,38,107
2015,19,05/16/2015,1,MA,Boston,17,164,4,3,7,43,107
2015,20,05/23/2015,1,MA,Boston,9,120,6,1,3,29,81
2015,21,05/30/2015,1,MA,Boston,15,134,7,2,7,33,85
2015,22,06/06/2015,1,MA,Boston,20,147,2,0,10,35,100
2015,23,06/13/2015,1,MA,Boston,14,157,6,1,12,34,104
2015,24,06/20/2015,1,MA,Boston,10,137,2,4,10,30,91
2015,25,06/27/2015,1,MA,Boston,16,129,3,3,6,34,83
2015,26,07/04/2015,1,MA,Boston,5,131,5,6,7,29,84
2015,27,07/11/2015,1,MA,Boston,18,148,2,3,11,35,97
2015,28,07/18/2015,1,MA,Boston,18,142,4,6,14,24,94
2015,29,07/25/2015,1,MA,Boston,7,155,1,4,12,41,97
2015,30,08/01/2015,1,MA,Boston,7,118,1,2,12,22,81
2015,31,08/08/2015,1,MA,Boston,10,152,5,5,13,38,91
2015,32,08/15/2015,1,MA,Boston,5,130,5,2,7,27,89
2015,33,08/22/2015,1,MA,Boston,12,148,2,5,18,27,96
2015,34,08/29/2015,1,MA,Boston,8,128,2,1,9,29,87
2015,35,09/05/2015,1,MA,Boston,12,132,3,3,7,33,86
2015,36,09/12/2015,1,MA,Boston,16,151,4,2,15,35,95
2015,37,09/19/2015,1,MA,Boston,6,142,4,6,15,43,74
2015,38,09/26/2015,1,MA,Boston,11,134,1,3,11,29,90
2015,39,10/03/2015,1,MA,Boston,9,135,5,0,13,42,75
2015,40,10/10/2015,1,MA,Boston,12,144,5,2,12,30,95
2015,41,10/17/2015,1,MA,Boston,0,131,6,3,7,43,72
2015,42,10/24/2015,1,MA,Boston,14,145,3,3,6,44,89
2015,43,10/31/2015,1,MA,Boston,9,126,8,4,12,35,67
2015,44,11/07/2015,1,MA,Boston,11,171,6,4,7,35,119
2015,45,11/14/2015,1,MA,Boston,8,153,2,5,11,32,103
2015,46,11/21/2015,1,MA,Boston,18,139,3,3,10,34,89
2015,47,11/28/2015,1,MA,Boston,6,111,2,2,6,29,72
2015,48,12/05/2015,1,MA,Boston,7,161,3,4,10,44,100
2015,49,12/12/2015,1,MA,Boston,11,143,3,3,7,30,100
2015,50,12/19/2015,1,MA,Boston,17,160,6,1,16,39,98
2015,51,12/26/2015,1,MA,Boston,4,105,7,1,4,19,74
2015,52,01/02/2016,1,MA,Boston,14,161,7,5,8,28,113