2000,1,7/24/2010,x,WA,ReverseLand,2087,41800
2000,2,7/24/2010,x,WA,ReverseLand,2086,41780
2000,3,7/24/2010,x,WA,ReverseLand,2085,41760
2000,4,7/24/2010,x,WA,ReverseLand,2084,41740
2000,5,7/24/2010,x,WA,ReverseLand,2083,41720
2000,6,7/24/2010,x,WA,ReverseLand,2082,41700
2000,7,7/24/2010,x,WA,ReverseLand,2081,41680
2000,8,7/24/2010,x,WA,ReverseLand,2080,41660
2000,9,7/24/2010,x,WA,ReverseLand,2079,41640
2000,10,7/24/2010,x,WA,ReverseLand,2078,41620
2000,11,7/24/2010,x,WA,ReverseLand,2077,41600
2000,12,7/24/2010,x,WA,ReverseLand,2076,41580
2000,13,7/24/2010,x,WA,ReverseLand,2075,41560
2000,14,7/24/2010,x,WA,ReverseLand,2074,41540
2000,15,7/24/2010,x,WA,ReverseLand,2073,41520
2000,16,7/24/2010,x,WA,ReverseLand,2072,41500
2000,17,7/24/2010,x,WA,ReverseLand,2071,41480
2000,18,7/24/2010,x,WA,ReverseLand,2070,41460
2000,19,7/24/2010,x,WA,ReverseLand,2069,41440
2000,20,7/24/2010,x,WA,ReverseLand,2068,41420
2000,21,7/24/2010,x,WA,ReverseLand,2067,41400
2000,22,7/24/2010,x,WA,ReverseLand,2066,41380
2000,23,7/24/2010,x,WA,ReverseLand,2065,41360
2000,24,7/24/2010,x,WA,ReverseLand,2064,41340
2000,25,7/24/2010,x,WA,ReverseLand,2063,41320
2000,26,7/24/2010,x,WA,ReverseLand,2062,41300
2000,27,7/24/2010,x,WA,ReverseLand,2061,41280
2000,28,7/24/2010,x,WA,ReverseLand,2060,41260
2000,29,7/24/2010,x,WA,ReverseLand,2059,41240
2000,30,7/24/2010,x,WA,ReverseLand,2058,41220
2000,31,7/24/2010,x,WA,ReverseLand,2057,41200
2000,32,7/24/2010,x,WA,ReverseLand,2056,41180
2000,33,7/24/2010,x,WA,ReverseLand,2055,41160
2000,34,7/24/2010,x,WA,ReverseLand,2054,41140
2000,35,7/24/2010,x,WA,ReverseLand,2053,41120
2000,36,7/24/2010,x,WA,ReverseLand,2052,41100
2000,37,7/24/2010,x,WA,ReverseLand,2051,41080
2000,38,7/24/2010,x,WA,ReverseLand,2050,41060
2000,39,7/24/2010,x,WA,ReverseLand,2049,41040
2000,40,7/24/2010,x,WA,ReverseLand,2048,41020
2000,41,7/24/2010,x,WA,ReverseLand,2047,41000
2000,42,7/24/2010,x,WA,ReverseLand,2046,40980
2000,43,7/24/2010,x,WA,ReverseLand,2045,40960
2000,44,7/24/2010,x,WA,ReverseLand,2044,40940
2000,45,7/24/2010,x,WA,ReverseLand,2043,40920
2000,46,7/24/2010,x,WA,ReverseLand,2042,40900
2000,47,7/24/2010,x,WA,ReverseLand,2041,40880
2000,48,7/24/2010,x,WA,ReverseLand,2040,40860
2000,49,7/24/2010,x,WA,ReverseLand,2039,40840
2000,50,7/24/2010,x,WA,ReverseLand,2038,40820
2000,51,7/24/2010,x,WA,ReverseLand,2037,40800
2000,52,7/24/2010,x,WA,ReverseLand,2036,40780
2000,1,7/24/2010,x,WA,ReverseLand,2035,40760
2000,2,7/24/2010,x,WA,ReverseLand,2034,40740
2000,3,7/24/2010,x,WA,ReverseLand,2033,40720
2000,4,7/24/2010,x,WA,ReverseLand,2032,40700
2000,5,7/24/2010,x,WA,ReverseLand,2031,40680
2000,6,7/24/2010,x,WA,ReverseLand,2030,40660
2000,7,7/24/2010,x,WA,ReverseLand,2029,40640
2000,8,7/24/2010,x,WA,ReverseLand,2028,40620
2000,9,7/24/2010,x,WA,ReverseLand,2027,40600
2000,10,7/24/2010,x,WA,ReverseLand,2026,40580
2000,11,7/24/2010,x,WA,ReverseLand,2025,40560
2000,12,7/24/2010,x,WA,ReverseLand,2024,40540
2000,13,7/24/2010,x,WA,ReverseLand,2023,40520
2000,14,7/24/2010,x,WA,ReverseLand,2022,40500
2000,15,7/24/2010,x,WA,ReverseLand,2021,40480
2000,16,7/24/2010,x,WA,ReverseLand,2020,40460
2000,17,7/24/2010,x,WA,ReverseLand,2019,40440
2000,18,7/24/2010,x,WA,ReverseLand,2018,40420
2000,19,7/24/2010,x,WA,ReverseLand,2017,40400
2000,20,7/24/2010,x,WA,ReverseLand,2016,40380
2000,21,7/24/2010,x,WA,ReverseLand,2015,40360
2000,22,7/24/2010,x,WA,ReverseLand,2014,40340
2000,23,7/24/2010,x,WA,ReverseLand,2013,40320
2000,24,7/24/2010,x,WA,ReverseLand,2012,40300
2000,25,7/24/2010,x,WA,ReverseLand,2011,40280
2000,26,7/24/2010,x,WA,ReverseLand,2010,40260
2000,27,7/24/2010,x,WA,ReverseLand,2009,40240
2000,28,7/24/2010,x,WA,ReverseLand,2008,40220
2000,29,7/24/2010,x,WA,ReverseLand,2007,40200
2000,30,7/24/2010,x,WA,ReverseLand,2006,40180
2000,31,7/24/2010,x,WA,ReverseLand,2005,40160
2000,32,7/24/2010,x,WA,ReverseLand,2004,40140
2000,33,7/24/2010,x,WA,ReverseLand,2003,40120
2000,34,7/24/2010,x,WA,ReverseLand,2002,40100
2000,35,7/24/2010,x,WA,ReverseLand,2001,40080
2000,36,7/24/2010,x,WA,ReverseLand,2000,40060
2000,37,7/24/2010,x,WA,ReverseLand,1999,40040
2000,38,7/24/2010,x,WA,ReverseLand,1998,40020
2000,39,7/24/2010,x,WA,ReverseLand,1997,40000
2000,40,7/24/2010,x,WA,ReverseLand,1996,39980
2000,41,7/24/2010,x,WA,ReverseLand,1995,39960
2000,42,7/24/2010,x,WA,ReverseLand,1994,39940
2000,43,7/24/2010,x,WA,ReverseLand,1993,39920
2000,44,7/24/2010,x,WA,ReverseLand,1992,39900
2000,45,7/24/2010,x,WA,ReverseLand,1991,39880
2000,46,7/24/2010,x,WA,ReverseLand,1990,39860
2000,47,7/24/2010,x,WA,ReverseLand,1989,39840
2000,48,7/24/2010,x,WA,ReverseLand,1988,39820
2000,49,7/24/2010,x,WA,ReverseLand,1987,39800
2000,50,7/24/2010,x,WA,ReverseLand,1986,39780
2000,51,7/24/2010,x,WA,ReverseLand,1985,39760
2000,52,7/24/2010,x,WA,ReverseLand,1984,39740
2000,1,7/24/2010,x,WA,ReverseLand,1983,39720
2000,2,7/24/2010,x,WA,ReverseLand,1982,39700
2000,3,7/24/2010,x,WA,ReverseLand,1981,39680
2000,4,7/24/2010,x,WA,ReverseLand,1980,39660
2000,5,7/24/2010,x,WA,ReverseLand,1979,39640
2000,6,7/24/2010,x,WA,ReverseLand,1978,39620
2000,7,7/24/2010,x,WA,ReverseLand,1977,39600
2000,8,7/24/2010,x,WA,ReverseLand,1976,39580
2000,9,7/24/2010,x,WA,ReverseLand,1975,39560
2000,10,7/24/2010,x,WA,ReverseLand,1974,39540
2000,11,7/24/2010,x,WA,ReverseLand,1973,39520
2000,12,7/24/2010,x,WA,ReverseLand,1972,39500
2000,13,7/24/2010,x,WA,ReverseLand,1971,39480
2000,14,7/24/2010,x,WA,ReverseLand,1970,39460
2000,15,7/24/2010,x,WA,ReverseLand,1969,39440
2000,16,7/24/2010,x,WA,ReverseLand,1968,39420
2000,17,7/24/2010,x,WA,ReverseLand,1967,39400
2000,18,7/24/2010,x,WA,ReverseLand,1966,39380
2000,19,7/24/2010,x,WA,ReverseLand,1965,39360
2000,20,7/24/2010,x,WA,ReverseLand,1964,39340
2000,21,7/24/2010,x,WA,ReverseLand,1963,39320
2000,22,7/24/2010,x,WA,ReverseLand,1962,39300
2000,23,7/24/2010,x,WA,ReverseLand,1961,39280
2000,24,7/24/2010,x,WA,ReverseLand,1960,39260
2000,25,7/24/2010,x,WA,ReverseLand,1959,39240
2000,26,7/24/2010,x,WA,ReverseLand,1958,39220
2000,27,7/24/2010,x,WA,ReverseLand,1957,39200
2000,28,7/24/2010,x,WA,ReverseLand,1956,39180
2000,29,7/24/2010,x,WA,ReverseLand,1955,39160
2000,30,7/24/2010,x,WA,ReverseLand,1954,39140
2000,31,7/24/2010,x,WA,ReverseLand,1953,39120
2000,32,7/24/2010,x,WA,ReverseLand,1952,39100
2000,33,7/24/2010,x,WA,ReverseLand,1951,39080
2000,34,7/24/2010,x,WA,ReverseLand,1950,39060
2000,35,7/24/2010,x,WA,ReverseLand,1949,39040
2000,36,7/24/2010,x,WA,ReverseLand,1948,39020
2000,37,7/24/2010,x,WA,ReverseLand,1947,39000
2000,38,7/24/2010,x,WA,ReverseLand,1946,38980
2000,39,7/24/2010,x,WA,ReverseLand,1945,38960
2000,40,7/24/2010,x,WA,ReverseLand,1944,38940
2000,41,7/24/2010,x,WA,ReverseLand,1943,38920
2000,42,7/24/2010,x,WA,ReverseLand,1942,38900
2000,43,7/24/2010,x,WA,ReverseLand,1941,38880
2000,44,7/24/2010,x,WA,ReverseLand,1940,38860
2000,45,7/24/2010,x,WA,ReverseLand,1939,38840
2000,46,7/24/2010,x,WA,ReverseLand,1938,38820
2000,47,7/24/2010,x,WA,ReverseLand,1937,38800
2000,48,7/24/2010,x,WA,ReverseLand,1936,38780
2000,49,7/24/2010,x,WA,ReverseLand,1935,38760
2000,50,7/24/2010,x,WA,ReverseLand,1934,38740
2000,51,7/24/2010,x,WA,ReverseLand,1933,38720
2000,52,7/24/2010,x,WA,ReverseLand,1932,38700
2000,53,7/24/2010,x,WA,ReverseLand,1931,38680
2000,1,7/24/2010,x,WA,ReverseLand,1930,38660
2000,2,7/24/2010,x,WA,ReverseLand,1929,38640
2000,3,7/24/2010,x,WA,ReverseLand,1928,38620
2000,4,7/24/2010,x,WA,ReverseLand,1927,38600
2000,5,7/24/2010,x,WA,ReverseLand,1926,38580
2000,6,7/24/2010,x,WA,ReverseLand,1925,38560
2000,7,7/24/2010,x,WA,ReverseLand,1924,38540
2000,8,7/24/2010,x,WA,ReverseLand,1923,38520
2000,9,7/24/2010,x,WA,ReverseLand,1922,38500
2000,10,7/24/2010,x,WA,ReverseLand,1921,38480
2000,11,7/24/2010,x,WA,ReverseLand,1920,38460
2000,12,7/24/2010,x,WA,ReverseLand,1919,38440
2000,13,7/24/2010,x,WA,ReverseLand,1918,38420
2000,14,7/24/2010,x,WA,ReverseLand,1917,38400
2000,15,7/24/2010,x,WA,ReverseLand,1916,38380
2000,16,7/24/2010,x,WA,ReverseLand,1915,38360
2000,17,7/24/2010,x,WA,ReverseLand,1914,38340
2000,18,7/24/2010,x,WA,ReverseLand,1913,38320
2000,19,7/24/2010,x,WA,ReverseLand,1912,38300
2000,20,7/24/2010,x,WA,ReverseLand,1911,38280
2000,21,7/24/2010,x,WA,ReverseLand,1910,38260
2000,22,7/24/2010,x,WA,ReverseLand,1909,38240
2000,23,7/24/2010,x,WA,ReverseLand,1908,38220
2000,24,7/24/2010,x,WA,ReverseLand,1907,38200
2000,25,7/24/2010,x,WA,ReverseLand,1906,38180
2000,26,7/24/2010,x,WA,ReverseLand,1905,38160
2000,27,7/24/2010,x,WA,ReverseLand,1904,38140
2000,28,7/24/2010,x,WA,ReverseLand,1903,38120
2000,29,7/24/2010,x,WA,ReverseLand,1902,38100
2000,30,7/24/2010,x,WA,ReverseLand,1901,38080
2000,31,7/24/2010,x,WA,ReverseLand,1900,38060
2000,32,7/24/2010,x,WA,ReverseLand,1899,38040
2000,33,7/24/2010,x,WA,ReverseLand,1898,38020
2000,34,7/24/2010,x,WA,ReverseLand,1897,38000
2000,35,7/24/2010,x,WA,ReverseLand,1896,37980
2000,36,7/24/2010,x,WA,ReverseLand,1895,37960
2000,37,7/24/2010,x,WA,ReverseLand,1894,37940
2000,38,7/24/2010,x,WA,ReverseLand,1893,37920
2000,39,7/24/2010,x,WA,ReverseLand,1892,37900
2000,40,7/24/2010,x,WA,ReverseLand,1891,37880
2000,41,7/24/2010,x,WA,ReverseLand,1890,37860
2000,42,7/24/2010,x,WA,ReverseLand,1889,37840
2000,43,7/24/2010,x,WA,ReverseLand,1888,37820
2000,44,7/24/2010,x,WA,ReverseLand,1887,37800
2000,45,7/24/2010,x,WA,ReverseLand,1886,37780
2000,46,7/24/2010,x,WA,ReverseLand,1885,37760
2000,47,7/24/2010,x,WA,ReverseLand,1884,37740
2000,48,7/24/2010,x,WA,ReverseLand,1883,37720
2000,49,7/24/2010,x,WA,ReverseLand,1882,37700
2000,50,7/24/2010,x,WA,ReverseLand,1881,37680
2000,51,7/24/2010,x,WA,ReverseLand,1880,37660
2000,52,7/24/2010,x,WA,ReverseLand,1879,37640
2000,1,7/24/2010,x,WA,ReverseLand,1878,37620
2000,2,7/24/2010,x,WA,ReverseLand,1877,37600
2000,3,7/24/2010,x,WA,ReverseLand,1876,37580
2000,4,7/24/2010,x,WA,ReverseLand,1875,37560
2000,5,7/24/2010,x,WA,ReverseLand,1874,37540
2000,6,7/24/2010,x,WA,ReverseLand,1873,37520
2000,7,7/24/2010,x,WA,ReverseLand,1872,37500
2000,8,7/24/2010,x,WA,ReverseLand,1871,37480
2000,9,7/24/2010,x,WA,ReverseLand,1870,37460
2000,10,7/24/2010,x,WA,ReverseLand,1869,37440
2000,11,7/24/2010,x,WA,ReverseLand,1868,37420
2000,12,7/24/2010,x,WA,ReverseLand,1867,37400
2000,13,7/24/2010,x,WA,ReverseLand,1866,37380
2000,14,7/24/2010,x,WA,ReverseLand,1865,37360
2000,15,7/24/2010,x,WA,ReverseLand,1864,37340
2000,16,7/24/2010,x,WA,ReverseLand,1863,37320
2000,17,7/24/2010,x,WA,ReverseLand,1862,37300
2000,18,7/24/2010,x,WA,ReverseLand,1861,37280
2000,19,7/24/2010,x,WA,ReverseLand,1860,37260
2000,20,7/24/2010,x,WA,ReverseLand,1859,37240
2000,21,7/24/2010,x,WA,ReverseLand,1858,37220
2000,22,7/24/2010,x,WA,ReverseLand,1857,37200
2000,23,7/24/2010,x,WA,ReverseLand,1856,37180
2000,24,7/24/2010,x,WA,ReverseLand,1855,37160
2000,25,7/24/2010,x,WA,ReverseLand,1854,37140
2000,26,7/24/2010,x,WA,ReverseLand,1853,37120
2000,27,7/24/2010,x,WA,ReverseLand,1852,37100
2000,28,7/24/2010,x,WA,ReverseLand,1851,37080
2000,29,7/24/2010,x,WA,ReverseLand,1850,37060
2000,30,7/24/2010,x,WA,ReverseLand,1849,37040
2000,31,7/24/2010,x,WA,ReverseLand,1848,37020
2000,32,7/24/2010,x,WA,ReverseLand,1847,37000
2000,33,7/24/2010,x,WA,ReverseLand,1846,36980
2000,34,7/24/2010,x,WA,ReverseLand,1845,36960
2000,35,7/24/2010,x,WA,ReverseLand,1844,36940
2000,36,7/24/2010,x,WA,ReverseLand,1843,36920
2000,37,7/24/2010,x,WA,ReverseLand,1842,36900
2000,38,7/24/2010,x,WA,ReverseLand,1841,36880
2000,39,7/24/2010,x,WA,ReverseLand,1840,36860
2000,40,7/24/2010,x,WA,ReverseLand,1839,36840
2000,41,7/24/2010,x,WA,ReverseLand,1838,36820
2000,42,7/24/2010,x,WA,ReverseLand,1837,36800
2000,43,7/24/2010,x,WA,ReverseLand,1836,36780
2000,44,7/24/2010,x,WA,ReverseLand,1835,36760
2000,45,7/24/2010,x,WA,ReverseLand,1834,36740
2000,46,7/24/2010,x,WA,ReverseLand,1833,36720
2000,47,7/24/2010,x,WA,ReverseLand,1832,36700
2000,48,7/24/2010,x,WA,ReverseLand,1831,36680
2000,49,7/24/2010,x,WA,ReverseLand,1830,36660
2000,50,7/24/2010,x,WA,ReverseLand,1829,36640
2000,51,7/24/2010,x,WA,ReverseLand,1828,36620
2000,52,7/24/2010,x,WA,ReverseLand,1827,36600
2000,1,7/24/2010,x,WA,ReverseLand,1826,36580
2000,2,7/24/2010,x,WA,ReverseLand,1825,36560
2000,3,7/24/2010,x,WA,ReverseLand,1824,36540
2000,4,7/24/2010,x,WA,ReverseLand,1823,36520
2000,5,7/24/2010,x,WA,ReverseLand,1822,36500
2000,6,7/24/2010,x,WA,ReverseLand,1821,36480
2000,7,7/24/2010,x,WA,ReverseLand,1820,36460
2000,8,7/24/2010,x,WA,ReverseLand,1819,36440
2000,9,7/24/2010,x,WA,ReverseLand,1818,36420
2000,10,7/24/2010,x,WA,ReverseLand,1817,36400
2000,11,7/24/2010,x,WA,ReverseLand,1816,36380
2000,12,7/24/2010,x,WA,ReverseLand,1815,36360
2000,13,7/24/2010,x,WA,ReverseLand,1814,36340
2000,14,7/24/2010,x,WA,ReverseLand,1813,36320
2000,15,7/24/2010,x,WA,ReverseLand,1812,36300
2000,16,7/24/2010,x,WA,ReverseLand,1811,36280
2000,17,7/24/2010,x,WA,ReverseLand,1810,36260
2000,18,7/24/2010,x,WA,ReverseLand,1809,36240
2000,19,7/24/2010,x,WA,ReverseLand,1808,36220
2000,20,7/24/2010,x,WA,ReverseLand,1807,36200
2000,21,7/24/2010,x,WA,ReverseLand,1806,36180
2000,22,7/24/2010,x,WA,ReverseLand,1805,36160
2000,23,7/24/2010,x,WA,ReverseLand,1804,36140
2000,24,7/24/2010,x,WA,ReverseLand,1803,36120
2000,25,7/24/2010,x,WA,ReverseLand,1802,36100
2000,26,7/24/2010,x,WA,ReverseLand,1801,36080
2000,27,7/24/2010,x,WA,ReverseLand,1800,36060
2000,28,7/24/2010,x,WA,ReverseLand,1799,36040
2000,29,7/24/2010,x,WA,ReverseLand,1798,36020
2000,30,7/24/2010,x,WA,ReverseLand,1797,36000
2000,31,7/24/2010,x,WA,ReverseLand,1796,35980
2000,32,7/24/2010,x,WA,ReverseLand,1795,35960
2000,33,7/24/2010,x,WA,ReverseLand,1794,35940
2000,34,7/24/2010,x,WA,ReverseLand,1793,35920
2000,35,7/24/2010,x,WA,ReverseLand,1792,35900
2000,36,7/24/2010,x,WA,ReverseLand,1791,35880
2000,37,7/24/2010,x,WA,ReverseLand,1790,35860
2000,38,7/24/2010,x,WA,ReverseLand,1789,35840
2000,39,7/24/2010,x,WA,ReverseLand,1788,35820
2000,40,7/24/2010,x,WA,ReverseLand,1787,35800
2000,41,7/24/2010,x,WA,ReverseLand,1786,35780
2000,42,7/24/2010,x,WA,ReverseLand,1785,35760
2000,43,7/24/2010,x,WA,ReverseLand,1784,35740
2000,44,7/24/2010,x,WA,ReverseLand,1783,35720
2000,45,7/24/2010,x,WA,ReverseLand,1782,35700
2000,46,7/24/2010,x,WA,ReverseLand,1781,35680
2000,47,7/24/2010,x,WA,ReverseLand,1780,35660
2000,48,7/24/2010,x,WA,ReverseLand,1779,35640
2000,49,7/24/2010,x,WA,ReverseLand,1778,35620
2000,50,7/24/2010,x,WA,ReverseLand,1777,35600
2000,51,7/24/2010,x,WA,ReverseLand,1776,35580
2000,52,7/24/2010,x,WA,ReverseLand,1775,35560
2000,1,7/24/2010,x,WA,ReverseLand,1774,35540
2000,2,7/24/2010,x,WA,ReverseLand,1773,35520
2000,3,7/24/2010,x,WA,ReverseLand,1772,35500
2000,4,7/24/2010,x,WA,ReverseLand,1771,35480
2000,5,7/24/2010,x,WA,ReverseLand,1770,35460
2000,6,7/24/2010,x,WA,ReverseLand,1769,35440
2000,7,7/24/2010,x,WA,ReverseLand,1768,35420
2000,8,7/24/2010,x,WA,ReverseLand,1767,35400
2000,9,7/24/2010,x,WA,ReverseLand,1766,35380
2000,10,7/24/2010,x,WA,ReverseLand,1765,35360
2000,11,7/24/2010,x,WA,ReverseLand,1764,35340
2000,12,7/24/2010,x,WA,ReverseLand,1763,35320
2000,13,7/24/2010,x,WA,ReverseLand,1762,35300
2000,14,7/24/2010,x,WA,ReverseLand,1761,35280
2000,15,7/24/2010,x,WA,ReverseLand,1760,35260
2000,16,7/24/2010,x,WA,ReverseLand,1759,35240
2000,17,7/24/2010,x,WA,ReverseLand,1758,35220
2000,18,7/24/2010,x,WA,ReverseLand,1757,35200
2000,19,7/24/2010,x,WA,ReverseLand,1756,35180
2000,20,7/24/2010,x,WA,ReverseLand,1755,35160
2000,21,7/24/2010,x,WA,ReverseLand,1754,35140
2000,22,7/24/2010,x,WA,ReverseLand,1753,35120
2000,23,7/24/2010,x,WA,ReverseLand,1752,35100
2000,24,7/24/2010,x,WA,ReverseLand,1751,35080
2000,25,7/24/2010,x,WA,ReverseLand,1750,35060
2000,26,7/24/2010,x,WA,ReverseLand,1749,35040
2000,27,7/24/2010,x,WA,ReverseLand,1748,35020
2000,28,7/24/2010,x,WA,ReverseLand,1747,35000
2000,29,7/24/2010,x,WA,ReverseLand,1746,34980
2000,30,7/24/2010,x,WA,ReverseLand,1745,34960
2000,31,7/24/2010,x,WA,ReverseLand,1744,34940
2000,32,7/24/2010,x,WA,ReverseLand,1743,34920
2000,33,7/24/2010,x,WA,ReverseLand,1742,34900
2000,34,7/24/2010,x,WA,ReverseLand,1741,34880
2000,35,7/24/2010,x,WA,ReverseLand,1740,34860
2000,36,7/24/2010,x,WA,ReverseLand,1739,34840
2000,37,7/24/2010,x,WA,ReverseLand,1738,34820
2000,38,7/24/2010,x,WA,ReverseLand,1737,34800
2000,39,7/24/2010,x,WA,ReverseLand,1736,34780
2000,40,7/24/2010,x,WA,ReverseLand,1735,34760
2000,41,7/24/2010,x,WA,ReverseLand,1734,34740
2000,42,7/24/2010,x,WA,ReverseLand,1733,34720
2000,43,7/24/2010,x,WA,ReverseLand,1732,34700
2000,44,7/24/2010,x,WA,ReverseLand,1731,34680
2000,45,7/24/2010,x,WA,ReverseLand,1730,34660
2000,46,7/24/2010,x,WA,ReverseLand,1729,34640
2000,47,7/24/2010,x,WA,ReverseLand,1728,34620
2000,48,7/24/2010,x,WA,ReverseLand,1727,34600
2000,49,7/24/2010,x,WA,ReverseLand,1726,34580
2000,50,7/24/2010,x,WA,ReverseLand,1725,34560
2000,51,7/24/2010,x,WA,ReverseLand,1724,34540
2000,52,7/24/2010,x,WA,ReverseLand,1723,34520
2000,1,7/24/2010,x,WA,ReverseLand,1722,34500
2000,2,7/24/2010,x,WA,ReverseLand,1721,34480
2000,3,7/24/2010,x,WA,ReverseLand,1720,34460
2000,4,7/24/2010,x,WA,ReverseLand,1719,34440
2000,5,7/24/2010,x,WA,ReverseLand,1718,34420
2000,6,7/24/2010,x,WA,ReverseLand,1717,34400
2000,7,7/24/2010,x,WA,ReverseLand,1716,34380
2000,8,7/24/2010,x,WA,ReverseLand,1715,34360
2000,9,7/24/2010,x,WA,ReverseLand,1714,34340
2000,10,7/24/2010,x,WA,ReverseLand,1713,34320
2000,11,7/24/2010,x,WA,ReverseLand,1712,34300
2000,12,7/24/2010,x,WA,ReverseLand,1711,34280
2000,13,7/24/2010,x,WA,ReverseLand,1710,34260
2000,14,7/24/2010,x,WA,ReverseLand,1709,34240
2000,15,7/24/2010,x,WA,ReverseLand,1708,34220
2000,16,7/24/2010,x,WA,ReverseLand,1707,34200
2000,17,7/24/2010,x,WA,ReverseLand,1706,34180
2000,18,7/24/2010,x,WA,ReverseLand,1705,34160
2000,19,7/24/2010,x,WA,ReverseLand,1704,34140
2000,20,7/24/2010,x,WA,ReverseLand,1703,34120
2000,21,7/24/2010,x,WA,ReverseLand,1702,34100
2000,22,7/24/2010,x,WA,ReverseLand,1701,34080
2000,23,7/24/2010,x,WA,ReverseLand,1700,34060
2000,24,7/24/2010,x,WA,ReverseLand,1699,34040
2000,25,7/24/2010,x,WA,ReverseLand,1698,34020
2000,26,7/24/2010,x,WA,ReverseLand,1697,34000
2000,27,7/24/2010,x,WA,ReverseLand,1696,33980
2000,28,7/24/2010,x,WA,ReverseLand,1695,33960
2000,29,7/24/2010,x,WA,ReverseLand,1694,33940
2000,30,7/24/2010,x,WA,ReverseLand,1693,33920
2000,31,7/24/2010,x,WA,ReverseLand,1692,33900
2000,32,7/24/2010,x,WA,ReverseLand,1691,33880
2000,33,7/24/2010,x,WA,ReverseLand,1690,33860
2000,34,7/24/2010,x,WA,ReverseLand,1689,33840
2000,35,7/24/2010,x,WA,ReverseLand,1688,33820
2000,36,7/24/2010,x,WA,ReverseLand,1687,33800
2000,37,7/24/2010,x,WA,ReverseLand,1686,33780
2000,38,7/24/2010,x,WA,ReverseLand,1685,33760
2000,39,7/24/2010,x,WA,ReverseLand,1684,33740
2000,40,7/24/2010,x,WA,ReverseLand,1683,33720
2000,41,7/24/2010,x,WA,ReverseLand,1682,33700
2000,42,7/24/2010,x,WA,ReverseLand,1681,33680
2000,43,7/24/2010,x,WA,ReverseLand,1680,33660
2000,44,7/24/2010,x,WA,ReverseLand,1679,33640
2000,45,7/24/2010,x,WA,ReverseLand,1678,33620
2000,46,7/24/2010,x,WA,ReverseLand,1677,33600
2000,47,7/24/2010,x,WA,ReverseLand,1676,33580
2000,48,7/24/2010,x,WA,ReverseLand,1675,33560
2000,49,7/24/2010,x,WA,ReverseLand,1674,33540
2000,50,7/24/2010,x,WA,ReverseLand,1673,33520
2000,51,7/24/2010,x,WA,ReverseLand,1672,33500
2000,52,7/24/2010,x,WA,ReverseLand,1671,33480
2000,53,7/24/2010,x,WA,ReverseLand,1670,33460
2000,1,7/24/2010,x,WA,ReverseLand,1669,33440
2000,2,7/24/2010,x,WA,ReverseLand,1668,33420
2000,3,7/24/2010,x,WA,ReverseLand,1667,33400
2000,4,7/24/2010,x,WA,ReverseLand,1666,33380
2000,5,7/24/2010,x,WA,ReverseLand,1665,33360
2000,6,7/24/2010,x,WA,ReverseLand,1664,33340
2000,7,7/24/2010,x,WA,ReverseLand,1663,33320
2000,8,7/24/2010,x,WA,ReverseLand,1662,33300
2000,9,7/24/2010,x,WA,ReverseLand,1661,33280
2000,10,7/24/2010,x,WA,ReverseLand,1660,33260
2000,11,7/24/2010,x,WA,ReverseLand,1659,33240
2000,12,7/24/2010,x,WA,ReverseLand,1658,33220
2000,13,7/24/2010,x,WA,ReverseLand,1657,33200
2000,14,7/24/2010,x,WA,ReverseLand,1656,33180
2000,15,7/24/2010,x,WA,ReverseLand,1655,33160
2000,16,7/24/2010,x,WA,ReverseLand,1654,33140
2000,17,7/24/2010,x,WA,ReverseLand,1653,33120
2000,18,7/24/2010,x,WA,ReverseLand,1652,33100
2000,19,7/24/2010,x,WA,ReverseLand,1651,33080
2000,20,7/24/2010,x,WA,ReverseLand,1650,33060
2000,21,7/24/2010,x,WA,ReverseLand,1649,33040
2000,22,7/24/2010,x,WA,ReverseLand,1648,33020
2000,23,7/24/2010,x,WA,ReverseLand,1647,33000
2000,24,7/24/2010,x,WA,ReverseLand,1646,32980
2000,25,7/24/2010,x,WA,ReverseLand,1645,32960
2000,26,7/24/2010,x,WA,ReverseLand,1644,32940
2000,27,7/24/2010,x,WA,ReverseLand,1643,32920
2000,28,7/24/2010,x,WA,ReverseLand,1642,32900
2000,29,7/24/2010,x,WA,ReverseLand,1641,32880
2000,30,7/24/2010,x,WA,ReverseLand,1640,32860
2000,31,7/24/2010,x,WA,ReverseLand,1639,32840
2000,32,7/24/2010,x,WA,ReverseLand,1638,32820
2000,33,7/24/2010,x,WA,ReverseLand,1637,32800
2000,34,7/24/2010,x,WA,ReverseLand,1636,32780
2000,35,7/24/2010,x,WA,ReverseLand,1635,32760
2000,36,7/24/2010,x,WA,ReverseLand,1634,32740
2000,37,7/24/2010,x,WA,ReverseLand,1633,32720
2000,38,7/24/2010,x,WA,ReverseLand,1632,32700
2000,39,7/24/2010,x,WA,ReverseLand,1631,32680
2000,40,7/24/2010,x,WA,ReverseLand,1630,32660
2000,41,7/24/2010,x,WA,ReverseLand,1629,32640
2000,42,7/24/2010,x,WA,ReverseLand,1628,32620
2000,43,7/24/2010,x,WA,ReverseLand,1627,32600
2000,44,7/24/2010,x,WA,ReverseLand,1626,32580
2000,45,7/24/2010,x,WA,ReverseLand,1625,32560
2000,46,7/24/2010,x,WA,ReverseLand,1624,32540
2000,47,7/24/2010,x,WA,ReverseLand,1623,32520
2000,48,7/24/2010,x,WA,ReverseLand,1622,32500
2000,49,7/24/2010,x,WA,ReverseLand,1621,32480
2000,50,7/24/2010,x,WA,ReverseLand,1620,32460
2000,51,7/24/2010,x,WA,ReverseLand,1619,32440
2000,52,7/24/2010,x,WA,ReverseLand,1618,32420
2000,1,7/24/2010,x,WA,ReverseLand,1617,32400
2000,2,7/24/2010,x,WA,ReverseLand,1616,32380
2000,3,7/24/2010,x,WA,ReverseLand,1615,32360
2000,4,7/24/2010,x,WA,ReverseLand,1614,32340
2000,5,7/24/2010,x,WA,ReverseLand,1613,32320
2000,6,7/24/2010,x,WA,ReverseLand,1612,32300
2000,7,7/24/2010,x,WA,ReverseLand,1611,32280
2000,8,7/24/2010,x,WA,ReverseLand,1610,32260
2000,9,7/24/2010,x,WA,ReverseLand,1609,32240
2000,10,7/24/2010,x,WA,ReverseLand,1608,32220
2000,11,7/24/2010,x,WA,ReverseLand,1607,32200
2000,12,7/24/2010,x,WA,ReverseLand,1606,32180
2000,13,7/24/2010,x,WA,ReverseLand,1605,32160
2000,14,7/24/2010,x,WA,ReverseLand,1604,32140
2000,15,7/24/2010,x,WA,ReverseLand,1603,32120
2000,16,7/24/2010,x,WA,ReverseLand,1602,32100
2000,17,7/24/2010,x,WA,ReverseLand,1601,32080
2000,18,7/24/2010,x,WA,ReverseLand,1600,32060
2000,19,7/24/2010,x,WA,ReverseLand,1599,32040
2000,20,7/24/2010,x,WA,ReverseLand,1598,32020
2000,21,7/24/2010,x,WA,ReverseLand,1597,32000
2000,22,7/24/2010,x,WA,ReverseLand,1596,31980
2000,23,7/24/2010,x,WA,ReverseLand,1595,31960
2000,24,7/24/2010,x,WA,ReverseLand,1594,31940
2000,25,7/24/2010,x,WA,ReverseLand,1593,31920
2000,26,7/24/2010,x,WA,ReverseLand,1592,31900
2000,27,7/24/2010,x,WA,ReverseLand,1591,31880
2000,28,7/24/2010,x,WA,ReverseLand,1590,31860
2000,29,7/24/2010,x,WA,ReverseLand,1589,31840
2000,30,7/24/2010,x,WA,ReverseLand,1588,31820
2000,31,7/24/2010,x,WA,ReverseLand,1587,31800
2000,32,7/24/2010,x,WA,ReverseLand,1586,31780
2000,33,7/24/2010,x,WA,ReverseLand,1585,31760
2000,34,7/24/2010,x,WA,ReverseLand,1584,31740
2000,35,7/24/2010,x,WA,ReverseLand,1583,31720
2000,36,7/24/2010,x,WA,ReverseLand,1582,31700
2000,37,7/24/2010,x,WA,ReverseLand,1581,31680
2000,38,7/24/2010,x,WA,ReverseLand,1580,31660
2000,39,7/24/2010,x,WA,ReverseLand,1579,31640
2000,40,7/24/2010,x,WA,ReverseLand,1578,31620
2000,41,7/24/2010,x,WA,ReverseLand,1577,31600
2000,42,7/24/2010,x,WA,ReverseLand,1576,31580
2000,43,7/24/2010,x,WA,ReverseLand,1575,31560
2000,44,7/24/2010,x,WA,ReverseLand,1574,31540
2000,45,7/24/2010,x,WA,ReverseLand,1573,31520
2000,46,7/24/2010,x,WA,ReverseLand,1572,31500
2000,47,7/24/2010,x,WA,ReverseLand,1571,31480
2000,48,7/24/2010,x,WA,ReverseLand,1570,31460
2000,49,7/24/2010,x,WA,ReverseLand,1569,31440
2000,50,7/24/2010,x,WA,ReverseLand,1568,31420
2000,51,7/24/2010,x,WA,ReverseLand,1567,31400
2000,52,7/24/2010,x,WA,ReverseLand,1566,31380
2000,1,7/24/2010,x,WA,ReverseLand,1565,31360
2000,2,7/24/2010,x,WA,ReverseLand,1564,31340
2000,3,7/24/2010,x,WA,ReverseLand,1563,31320
2000,4,7/24/2010,x,WA,ReverseLand,1562,31300
2000,5,7/24/2010,x,WA,ReverseLand,1561,31280
2000,6,7/24/2010,x,WA,ReverseLand,1560,31260
2000,7,7/24/2010,x,WA,ReverseLand,1559,31240
2000,8,7/24/2010,x,WA,ReverseLand,1558,31220
2000,9,7/24/2010,x,WA,ReverseLand,1557,31200
2000,10,7/24/2010,x,WA,ReverseLand,1556,31180
2000,11,7/24/2010,x,WA,ReverseLand,1555,31160
2000,12,7/24/2010,x,WA,ReverseLand,1554,31140
2000,13,7/24/2010,x,WA,ReverseLand,1553,31120
2000,14,7/24/2010,x,WA,ReverseLand,1552,31100
2000,15,7/24/2010,x,WA,ReverseLand,1551,31080
2000,16,7/24/2010,x,WA,ReverseLand,1550,31060
2000,17,7/24/2010,x,WA,ReverseLand,1549,31040
2000,18,7/24/2010,x,WA,ReverseLand,1548,31020
2000,19,7/24/2010,x,WA,ReverseLand,1547,31000
2000,20,7/24/2010,x,WA,ReverseLand,1546,30980
2000,21,7/24/2010,x,WA,ReverseLand,1545,30960
2000,22,7/24/2010,x,WA,ReverseLand,1544,30940
2000,23,7/24/2010,x,WA,ReverseLand,1543,30920
2000,24,7/24/2010,x,WA,ReverseLand,1542,30900
2000,25,7/24/2010,x,WA,ReverseLand,1541,30880
2000,26,7/24/2010,x,WA,ReverseLand,1540,30860
2000,27,7/24/2010,x,WA,ReverseLand,1539,30840
2000,28,7/24/2010,x,WA,ReverseLand,1538,30820
2000,29,7/24/2010,x,WA,ReverseLand,1537,30800
2000,30,7/24/2010,x,WA,ReverseLand,1536,30780
2000,31,7/24/2010,x,WA,ReverseLand,1535,30760
2000,32,7/24/2010,x,WA,ReverseLand,1534,30740
2000,33,7/24/2010,x,WA,ReverseLand,1533,30720
2000,34,7/24/2010,x,WA,ReverseLand,1532,30700
2000,35,7/24/2010,x,WA,ReverseLand,1531,30680
2000,36,7/24/2010,x,WA,ReverseLand,1530,30660
2000,37,7/24/2010,x,WA,ReverseLand,1529,30640
2000,38,7/24/2010,x,WA,ReverseLand,1528,30620
2000,39,7/24/2010,x,WA,ReverseLand,1527,30600
2000,40,7/24/2010,x,WA,ReverseLand,1526,30580
2000,41,7/24/2010,x,WA,ReverseLand,1525,30560
2000,42,7/24/2010,x,WA,ReverseLand,1524,30540
2000,43,7/24/2010,x,WA,ReverseLand,1523,30520
2000,44,7/24/2010,x,WA,ReverseLand,1522,30500
2000,45,7/24/2010,x,WA,ReverseLand,1521,30480
2000,46,7/24/2010,x,WA,ReverseLand,1520,30460
2000,47,7/24/2010,x,WA,ReverseLand,1519,30440
2000,48,7/24/2010,x,WA,ReverseLand,1518,30420
2000,49,7/24/2010,x,WA,ReverseLand,1517,30400
2000,50,7/24/2010,x,WA,ReverseLand,1516,30380
2000,51,7/24/2010,x,WA,ReverseLand,1515,30360
2000,52,7/24/2010,x,WA,ReverseLand,1514,30340
2000,1,7/24/2010,x,WA,ReverseLand,1513,30320
2000,2,7/24/2010,x,WA,ReverseLand,1512,30300
2000,3,7/24/2010,x,WA,ReverseLand,1511,30280
2000,4,7/24/2010,x,WA,ReverseLand,1510,30260
2000,5,7/24/2010,x,WA,ReverseLand,1509,30240
2000,6,7/24/2010,x,WA,ReverseLand,1508,30220
2000,7,7/24/2010,x,WA,ReverseLand,1507,30200
2000,8,7/24/2010,x,WA,ReverseLand,1506,30180
2000,9,7/24/2010,x,WA,ReverseLand,1505,30160
2000,10,7/24/2010,x,WA,ReverseLand,1504,30140
2000,11,7/24/2010,x,WA,ReverseLand,1503,30120
2000,12,7/24/2010,x,WA,ReverseLand,1502,30100
2000,13,7/24/2010,x,WA,ReverseLand,1501,30080
2000,14,7/24/2010,x,WA,ReverseLand,1500,30060
2000,15,7/24/2010,x,WA,ReverseLand,1499,30040
2000,16,7/24/2010,x,WA,ReverseLand,1498,30020
2000,17,7/24/2010,x,WA,ReverseLand,1497,30000
2000,18,7/24/2010,x,WA,ReverseLand,1496,29980
2000,19,7/24/2010,x,WA,ReverseLand,1495,29960
2000,20,7/24/2010,x,WA,ReverseLand,1494,29940
2000,21,7/24/2010,x,WA,ReverseLand,1493,29920
2000,22,7/24/2010,x,WA,ReverseLand,1492,29900
2000,23,7/24/2010,x,WA,ReverseLand,1491,29880
2000,24,7/24/2010,x,WA,ReverseLand,1490,29860
2000,25,7/24/2010,x,WA,ReverseLand,1489,29840
2000,26,7/24/2010,x,WA,ReverseLand,1488,29820
2000,27,7/24/2010,x,WA,ReverseLand,1487,29800
2000,28,7/24/2010,x,WA,ReverseLand,1486,29780
2000,29,7/24/2010,x,WA,ReverseLand,1485,29760
2000,30,7/24/2010,x,WA,ReverseLand,1484,29740
2000,31,7/24/2010,x,WA,ReverseLand,1483,29720
2000,32,7/24/2010,x,WA,ReverseLand,1482,29700
2000,33,7/24/2010,x,WA,ReverseLand,1481,29680
2000,34,7/24/2010,x,WA,ReverseLand,1480,29660
2000,35,7/24/2010,x,WA,ReverseLand,1479,29640
2000,36,7/24/2010,x,WA,ReverseLand,1478,29620
2000,37,7/24/2010,x,WA,ReverseLand,1477,29600
2000,38,7/24/2010,x,WA,ReverseLand,1476,29580
2000,39,7/24/2010,x,WA,ReverseLand,1475,29560
2000,40,7/24/2010,x,WA,ReverseLand,1474,29540
2000,41,7/24/2010,x,WA,ReverseLand,1473,29520
2000,42,7/24/2010,x,WA,ReverseLand,1472,29500
2000,43,7/24/2010,x,WA,ReverseLand,1471,29480
2000,44,7/24/2010,x,WA,ReverseLand,1470,29460
2000,45,7/24/2010,x,WA,ReverseLand,1469,29440
2000,46,7/24/2010,x,WA,ReverseLand,1468,29420
2000,47,7/24/2010,x,WA,ReverseLand,1467,29400
2000,48,7/24/2010,x,WA,ReverseLand,1466,29380
2000,49,7/24/2010,x,WA,ReverseLand,1465,29360
2000,50,7/24/2010,x,WA,ReverseLand,1464,29340
2000,51,7/24/2010,x,WA,ReverseLand,1463,29320
2000,52,7/24/2010,x,WA,ReverseLand,1462,29300
2000,1,7/24/2010,x,WA,ReverseLand,1461,29280
2000,2,7/24/2010,x,WA,ReverseLand,1460,29260
2000,3,7/24/2010,x,WA,ReverseLand,1459,29240
2000,4,7/24/2010,x,WA,ReverseLand,1458,29220
2000,5,7/24/2010,x,WA,ReverseLand,1457,29200
2000,6,7/24/2010,x,WA,ReverseLand,1456,29180
2000,7,7/24/2010,x,WA,ReverseLand,1455,29160
2000,8,7/24/2010,x,WA,ReverseLand,1454,29140
2000,9,7/24/2010,x,WA,ReverseLand,1453,29120
2000,10,7/24/2010,x,WA,ReverseLand,1452,29100
2000,11,7/24/2010,x,WA,ReverseLand,1451,29080
2000,12,7/24/2010,x,WA,ReverseLand,1450,29060
2000,13,7/24/2010,x,WA,ReverseLand,1449,29040
2000,14,7/24/2010,x,WA,ReverseLand,1448,29020
2000,15,7/24/2010,x,WA,ReverseLand,1447,29000
2000,16,7/24/2010,x,WA,ReverseLand,1446,28980
2000,17,7/24/2010,x,WA,ReverseLand,1445,28960
2000,18,7/24/2010,x,WA,ReverseLand,1444,28940
2000,19,7/24/2010,x,WA,ReverseLand,1443,28920
2000,20,7/24/2010,x,WA,ReverseLand,1442,28900
2000,21,7/24/2010,x,WA,ReverseLand,1441,28880
2000,22,7/24/2010,x,WA,ReverseLand,1440,28860
2000,23,7/24/2010,x,WA,ReverseLand,1439,28840
2000,24,7/24/2010,x,WA,ReverseLand,1438,28820
2000,25,7/24/2010,x,WA,ReverseLand,1437,28800
2000,26,7/24/2010,x,WA,ReverseLand,1436,28780
2000,27,7/24/2010,x,WA,ReverseLand,1435,28760
2000,28,7/24/2010,x,WA,ReverseLand,1434,28740
2000,29,7/24/2010,x,WA,ReverseLand,1433,28720
2000,30,7/24/2010,x,WA,ReverseLand,1432,28700
2000,31,7/24/2010,x,WA,ReverseLand,1431,28680
2000,32,7/24/2010,x,WA,ReverseLand,1430,28660
2000,33,7/24/2010,x,WA,ReverseLand,1429,28640
2000,34,7/24/2010,x,WA,ReverseLand,1428,28620
2000,35,7/24/2010,x,WA,ReverseLand,1427,28600
2000,36,7/24/2010,x,WA,ReverseLand,1426,28580
2000,37,7/24/2010,x,WA,ReverseLand,1425,28560
2000,38,7/24/2010,x,WA,ReverseLand,1424,28540
2000,39,7/24/2010,x,WA,ReverseLand,1423,28520
2000,40,7/24/2010,x,WA,ReverseLand,1422,28500
2000,41,7/24/2010,x,WA,ReverseLand,1421,28480
2000,42,7/24/2010,x,WA,ReverseLand,1420,28460
2000,43,7/24/2010,x,WA,ReverseLand,1419,28440
2000,44,7/24/2010,x,WA,ReverseLand,1418,28420
2000,45,7/24/2010,x,WA,ReverseLand,1417,28400
2000,46,7/24/2010,x,WA,ReverseLand,1416,28380
2000,47,7/24/2010,x,WA,ReverseLand,1415,28360
2000,48,7/24/2010,x,WA,ReverseLand,1414,28340
2000,49,7/24/2010,x,WA,ReverseLand,1413,28320
2000,50,7/24/2010,x,WA,ReverseLand,1412,28300
2000,51,7/24/2010,x,WA,ReverseLand,1411,28280
2000,52,7/24/2010,x,WA,ReverseLand,1410,28260
2000,1,7/24/2010,x,WA,ReverseLand,1409,28240
2000,2,7/24/2010,x,WA,ReverseLand,1408,28220
2000,3,7/24/2010,x,WA,ReverseLand,1407,28200
2000,4,7/24/2010,x,WA,ReverseLand,1406,28180
2000,5,7/24/2010,x,WA,ReverseLand,1405,28160
2000,6,7/24/2010,x,WA,ReverseLand,1404,28140
2000,7,7/24/2010,x,WA,ReverseLand,1403,28120
2000,8,7/24/2010,x,WA,ReverseLand,1402,28100
2000,9,7/24/2010,x,WA,ReverseLand,1401,28080
2000,10,7/24/2010,x,WA,ReverseLand,1400,28060
2000,11,7/24/2010,x,WA,ReverseLand,1399,28040
2000,12,7/24/2010,x,WA,ReverseLand,1398,28020
2000,13,7/24/2010,x,WA,ReverseLand,1397,28000
2000,14,7/24/2010,x,WA,ReverseLand,1396,27980
2000,15,7/24/2010,x,WA,ReverseLand,1395,27960
2000,16,7/24/2010,x,WA,ReverseLand,1394,27940
2000,17,7/24/2010,x,WA,ReverseLand,1393,27920
2000,18,7/24/2010,x,WA,ReverseLand,1392,27900
2000,19,7/24/2010,x,WA,ReverseLand,1391,27880
2000,20,7/24/2010,x,WA,ReverseLand,1390,27860
2000,21,7/24/2010,x,WA,ReverseLand,1389,27840
2000,22,7/24/2010,x,WA,ReverseLand,1388,27820
2000,23,7/24/2010,x,WA,ReverseLand,1387,27800
2000,24,7/24/2010,x,WA,ReverseLand,1386,27780
2000,25,7/24/2010,x,WA,ReverseLand,1385,27760
2000,26,7/24/2010,x,WA,ReverseLand,1384,27740
2000,27,7/24/2010,x,WA,ReverseLand,1383,27720
2000,28,7/24/2010,x,WA,ReverseLand,1382,27700
2000,29,7/24/2010,x,WA,ReverseLand,1381,27680
2000,30,7/24/2010,x,WA,ReverseLand,1380,27660
2000,31,7/24/2010,x,WA,ReverseLand,1379,27640
2000,32,7/24/2010,x,WA,ReverseLand,1378,27620
2000,33,7/24/2010,x,WA,ReverseLand,1377,27600
2000,34,7/24/2010,x,WA,ReverseLand,1376,27580
2000,35,7/24/2010,x,WA,ReverseLand,1375,27560
2000,36,7/24/2010,x,WA,ReverseLand,1374,27540
2000,37,7/24/2010,x,WA,ReverseLand,1373,27520
2000,38,7/24/2010,x,WA,ReverseLand,1372,27500
2000,39,7/24/2010,x,WA,ReverseLand,1371,27480
2000,40,7/24/2010,x,WA,ReverseLand,1370,27460
2000,41,7/24/2010,x,WA,ReverseLand,1369,27440
2000,42,7/24/2010,x,WA,ReverseLand,1368,27420
2000,43,7/24/2010,x,WA,ReverseLand,1367,27400
2000,44,7/24/2010,x,WA,ReverseLand,1366,27380
2000,45,7/24/2010,x,WA,ReverseLand,1365,27360
2000,46,7/24/2010,x,WA,ReverseLand,1364,27340
2000,47,7/24/2010,x,WA,ReverseLand,1363,27320
2000,48,7/24/2010,x,WA,ReverseLand,1362,27300
2000,49,7/24/2010,x,WA,ReverseLand,1361,27280
2000,50,7/24/2010,x,WA,ReverseLand,1360,27260
2000,51,7/24/2010,x,WA,ReverseLand,1359,27240
2000,52,7/24/2010,x,WA,ReverseLand,1358,27220
2000,53,7/24/2010,x,WA,ReverseLand,1357,27200
2000,1,7/24/2010,x,WA,ReverseLand,1356,27180
2000,2,7/24/2010,x,WA,ReverseLand,1355,27160
2000,3,7/24/2010,x,WA,ReverseLand,1354,27140
2000,4,7/24/2010,x,WA,ReverseLand,1353,27120
2000,5,7/24/2010,x,WA,ReverseLand,1352,27100
2000,6,7/24/2010,x,WA,ReverseLand,1351,27080
2000,7,7/24/2010,x,WA,ReverseLand,1350,27060
2000,8,7/24/2010,x,WA,ReverseLand,1349,27040
2000,9,7/24/2010,x,WA,ReverseLand,1348,27020
2000,10,7/24/2010,x,WA,ReverseLand,1347,27000
2000,11,7/24/2010,x,WA,ReverseLand,1346,26980
2000,12,7/24/2010,x,WA,ReverseLand,1345,26960
2000,13,7/24/2010,x,WA,ReverseLand,1344,26940
2000,14,7/24/2010,x,WA,ReverseLand,1343,26920
2000,15,7/24/2010,x,WA,ReverseLand,1342,26900
2000,16,7/24/2010,x,WA,ReverseLand,1341,26880
2000,17,7/24/2010,x,WA,ReverseLand,1340,26860
2000,18,7/24/2010,x,WA,ReverseLand,1339,26840
2000,19,7/24/2010,x,WA,ReverseLand,1338,26820
2000,20,7/24/2010,x,WA,ReverseLand,1337,26800
2000,21,7/24/2010,x,WA,ReverseLand,1336,26780
2000,22,7/24/2010,x,WA,ReverseLand,1335,26760
2000,23,7/24/2010,x,WA,ReverseLand,1334,26740
2000,24,7/24/2010,x,WA,ReverseLand,1333,26720
2000,25,7/24/2010,x,WA,ReverseLand,1332,26700
2000,26,7/24/2010,x,WA,ReverseLand,1331,26680
2000,27,7/24/2010,x,WA,ReverseLand,1330,26660
2000,28,7/24/2010,x,WA,ReverseLand,1329,26640
2000,29,7/24/2010,x,WA,ReverseLand,1328,26620
2000,30,7/24/2010,x,WA,ReverseLand,1327,26600
2000,31,7/24/2010,x,WA,ReverseLand,1326,26580
2000,32,7/24/2010,x,WA,ReverseLand,1325,26560
2000,33,7/24/2010,x,WA,ReverseLand,1324,26540
2000,34,7/24/2010,x,WA,ReverseLand,1323,26520
2000,35,7/24/2010,x,WA,ReverseLand,1322,26500
2000,36,7/24/2010,x,WA,ReverseLand,1321,26480
2000,37,7/24/2010,x,WA,ReverseLand,1320,26460
2000,38,7/24/2010,x,WA,ReverseLand,1319,26440
2000,39,7/24/2010,x,WA,ReverseLand,1318,26420
2000,40,7/24/2010,x,WA,ReverseLand,1317,26400
2000,41,7/24/2010,x,WA,ReverseLand,1316,26380
2000,42,7/24/2010,x,WA,ReverseLand,1315,26360
2000,43,7/24/2010,x,WA,ReverseLand,1314,26340
2000,44,7/24/2010,x,WA,ReverseLand,1313,26320
2000,45,7/24/2010,x,WA,ReverseLand,1312,26300
2000,46,7/24/2010,x,WA,ReverseLand,1311,26280
2000,47,7/24/2010,x,WA,ReverseLand,1310,26260
2000,48,7/24/2010,x,WA,ReverseLand,1309,26240
2000,49,7/24/2010,x,WA,ReverseLand,1308,26220
2000,50,7/24/2010,x,WA,ReverseLand,1307,26200
2000,51,7/24/2010,x,WA,ReverseLand,1306,26180
2000,52,7/24/2010,x,WA,ReverseLand,1305,26160
2000,1,7/24/2010,x,WA,ReverseLand,1304,26140
2000,2,7/24/2010,x,WA,ReverseLand,1303,26120
2000,3,7/24/2010,x,WA,ReverseLand,1302,26100
2000,4,7/24/2010,x,WA,ReverseLand,1301,26080
2000,5,7/24/2010,x,WA,ReverseLand,1300,26060
2000,6,7/24/2010,x,WA,ReverseLand,1299,26040
2000,7,7/24/2010,x,WA,ReverseLand,1298,26020
2000,8,7/24/2010,x,WA,ReverseLand,1297,26000
2000,9,7/24/2010,x,WA,ReverseLand,1296,25980
2000,10,7/24/2010,x,WA,ReverseLand,1295,25960
2000,11,7/24/2010,x,WA,ReverseLand,1294,25940
2000,12,7/24/2010,x,WA,ReverseLand,1293,25920
2000,13,7/24/2010,x,WA,ReverseLand,1292,25900
2000,14,7/24/2010,x,WA,ReverseLand,1291,25880
2000,15,7/24/2010,x,WA,ReverseLand,1290,25860
2000,16,7/24/2010,x,WA,ReverseLand,1289,25840
2000,17,7/24/2010,x,WA,ReverseLand,1288,25820
2000,18,7/24/2010,x,WA,ReverseLand,1287,25800
2000,19,7/24/2010,x,WA,ReverseLand,1286,25780
2000,20,7/24/2010,x,WA,ReverseLand,1285,25760
2000,21,7/24/2010,x,WA,ReverseLand,1284,25740
2000,22,7/24/2010,x,WA,ReverseLand,1283,25720
2000,23,7/24/2010,x,WA,ReverseLand,1282,25700
2000,24,7/24/2010,x,WA,ReverseLand,1281,25680
2000,25,7/24/2010,x,WA,ReverseLand,1280,25660
2000,26,7/24/2010,x,WA,ReverseLand,1279,25640
2000,27,7/24/2010,x,WA,ReverseLand,1278,25620
2000,28,7/24/2010,x,WA,ReverseLand,1277,25600
2000,29,7/24/2010,x,WA,ReverseLand,1276,25580
2000,30,7/24/2010,x,WA,ReverseLand,1275,25560
2000,31,7/24/2010,x,WA,ReverseLand,1274,25540
2000,32,7/24/2010,x,WA,ReverseLand,1273,25520
2000,33,7/24/2010,x,WA,ReverseLand,1272,25500
2000,34,7/24/2010,x,WA,ReverseLand,1271,25480
2000,35,7/24/2010,x,WA,ReverseLand,1270,25460
2000,36,7/24/2010,x,WA,ReverseLand,1269,25440
2000,37,7/24/2010,x,WA,ReverseLand,1268,25420
2000,38,7/24/2010,x,WA,ReverseLand,1267,25400
2000,39,7/24/2010,x,WA,ReverseLand,1266,25380
2000,40,7/24/2010,x,WA,ReverseLand,1265,25360
2000,41,7/24/2010,x,WA,ReverseLand,1264,25340
2000,42,7/24/2010,x,WA,ReverseLand,1263,25320
2000,43,7/24/2010,x,WA,ReverseLand,1262,25300
2000,44,7/24/2010,x,WA,ReverseLand,1261,25280
2000,45,7/24/2010,x,WA,ReverseLand,1260,25260
2000,46,7/24/2010,x,WA,ReverseLand,1259,25240
2000,47,7/24/2010,x,WA,ReverseLand,1258,25220
2000,48,7/24/2010,x,WA,ReverseLand,1257,25200
2000,49,7/24/2010,x,WA,ReverseLand,1256,25180
2000,50,7/24/2010,x,WA,ReverseLand,1255,25160
2000,51,7/24/2010,x,WA,ReverseLand,1254,25140
2000,52,7/24/2010,x,WA,ReverseLand,1253,25120
2000,1,7/24/2010,x,WA,ReverseLand,1252,25100
2000,2,7/24/2010,x,WA,ReverseLand,1251,25080
2000,3,7/24/2010,x,WA,ReverseLand,1250,25060
2000,4,7/24/2010,x,WA,ReverseLand,1249,25040
2000,5,7/24/2010,x,WA,ReverseLand,1248,25020
2000,6,7/24/2010,x,WA,ReverseLand,1247,25000
2000,7,7/24/2010,x,WA,ReverseLand,1246,24980
2000,8,7/24/2010,x,WA,ReverseLand,1245,24960
2000,9,7/24/2010,x,WA,ReverseLand,1244,24940
2000,10,7/24/2010,x,WA,ReverseLand,1243,24920
2000,11,7/24/2010,x,WA,ReverseLand,1242,24900
2000,12,7/24/2010,x,WA,ReverseLand,1241,24880
2000,13,7/24/2010,x,WA,ReverseLand,1240,24860
2000,14,7/24/2010,x,WA,ReverseLand,1239,24840
2000,15,7/24/2010,x,WA,ReverseLand,1238,24820
2000,16,7/24/2010,x,WA,ReverseLand,1237,24800
2000,17,7/24/2010,x,WA,ReverseLand,1236,24780
2000,18,7/24/2010,x,WA,ReverseLand,1235,24760
2000,19,7/24/2010,x,WA,ReverseLand,1234,24740
2000,20,7/24/2010,x,WA,ReverseLand,1233,24720
2000,21,7/24/2010,x,WA,ReverseLand,1232,24700
2000,22,7/24/2010,x,WA,ReverseLand,1231,24680
2000,23,7/24/2010,x,WA,ReverseLand,1230,24660
2000,24,7/24/2010,x,WA,ReverseLand,1229,24640
2000,25,7/24/2010,x,WA,ReverseLand,1228,24620
2000,26,7/24/2010,x,WA,ReverseLand,1227,24600
2000,27,7/24/2010,x,WA,ReverseLand,1226,24580
2000,28,7/24/2010,x,WA,ReverseLand,1225,24560
2000,29,7/24/2010,x,WA,ReverseLand,1224,24540
2000,30,7/24/2010,x,WA,ReverseLand,1223,24520
2000,31,7/24/2010,x,WA,ReverseLand,1222,24500
2000,32,7/24/2010,x,WA,ReverseLand,1221,24480
2000,33,7/24/2010,x,WA,ReverseLand,1220,24460
2000,34,7/24/2010,x,WA,ReverseLand,1219,24440
2000,35,7/24/2010,x,WA,ReverseLand,1218,24420
2000,36,7/24/2010,x,WA,ReverseLand,1217,24400
2000,37,7/24/2010,x,WA,ReverseLand,1216,24380
2000,38,7/24/2010,x,WA,ReverseLand,1215,24360
2000,39,7/24/2010,x,WA,ReverseLand,1214,24340
2000,40,7/24/2010,x,WA,ReverseLand,1213,24320
2000,41,7/24/2010,x,WA,ReverseLand,1212,24300
2000,42,7/24/2010,x,WA,ReverseLand,1211,24280
2000,43,7/24/2010,x,WA,ReverseLand,1210,24260
2000,44,7/24/2010,x,WA,ReverseLand,1209,24240
2000,45,7/24/2010,x,WA,ReverseLand,1208,24220
2000,46,7/24/2010,x,WA,ReverseLand,1207,24200
2000,47,7/24/2010,x,WA,ReverseLand,1206,24180
2000,48,7/24/2010,x,WA,ReverseLand,1205,24160
2000,49,7/24/2010,x,WA,ReverseLand,1204,24140
2000,50,7/24/2010,x,WA,ReverseLand,1203,24120
2000,51,7/24/2010,x,WA,ReverseLand,1202,24100
2000,52,7/24/2010,x,WA,ReverseLand,1201,24080
2000,1,7/24/2010,x,WA,ReverseLand,1200,24060
2000,2,7/24/2010,x,WA,ReverseLand,1199,24040
2000,3,7/24/2010,x,WA,ReverseLand,1198,24020
2000,4,7/24/2010,x,WA,ReverseLand,1197,24000
2000,5,7/24/2010,x,WA,ReverseLand,1196,23980
2000,6,7/24/2010,x,WA,ReverseLand,1195,23960
2000,7,7/24/2010,x,WA,ReverseLand,1194,23940
2000,8,7/24/2010,x,WA,ReverseLand,1193,23920
2000,9,7/24/2010,x,WA,ReverseLand,1192,23900
2000,10,7/24/2010,x,WA,ReverseLand,1191,23880
2000,11,7/24/2010,x,WA,ReverseLand,1190,23860
2000,12,7/24/2010,x,WA,ReverseLand,1189,23840
2000,13,7/24/2010,x,WA,ReverseLand,1188,23820
2000,14,7/24/2010,x,WA,ReverseLand,1187,23800
2000,15,7/24/2010,x,WA,ReverseLand,1186,23780
2000,16,7/24/2010,x,WA,ReverseLand,1185,23760
2000,17,7/24/2010,x,WA,ReverseLand,1184,23740
2000,18,7/24/2010,x,WA,ReverseLand,1183,23720
2000,19,7/24/2010,x,WA,ReverseLand,1182,23700
2000,20,7/24/2010,x,WA,ReverseLand,1181,23680
2000,21,7/24/2010,x,WA,ReverseLand,1180,23660
2000,22,7/24/2010,x,WA,ReverseLand,1179,23640
2000,23,7/24/2010,x,WA,ReverseLand,1178,23620
2000,24,7/24/2010,x,WA,ReverseLand,1177,23600
2000,25,7/24/2010,x,WA,ReverseLand,1176,23580
2000,26,7/24/2010,x,WA,ReverseLand,1175,23560
2000,27,7/24/2010,x,WA,ReverseLand,1174,23540
2000,28,7/24/2010,x,WA,ReverseLand,1173,23520
2000,29,7/24/2010,x,WA,ReverseLand,1172,23500
2000,30,7/24/2010,x,WA,ReverseLand,1171,23480
2000,31,7/24/2010,x,WA,ReverseLand,1170,23460
2000,32,7/24/2010,x,WA,ReverseLand,1169,23440
2000,33,7/24/2010,x,WA,ReverseLand,1168,23420
2000,34,7/24/2010,x,WA,ReverseLand,1167,23400
2000,35,7/24/2010,x,WA,ReverseLand,1166,23380
2000,36,7/24/2010,x,WA,ReverseLand,1165,23360
2000,37,7/24/2010,x,WA,ReverseLand,1164,23340
2000,38,7/24/2010,x,WA,ReverseLand,1163,23320
2000,39,7/24/2010,x,WA,ReverseLand,1162,23300
2000,40,7/24/2010,x,WA,ReverseLand,1161,23280
2000,41,7/24/2010,x,WA,ReverseLand,1160,23260
2000,42,7/24/2010,x,WA,ReverseLand,1159,23240
2000,43,7/24/2010,x,WA,ReverseLand,1158,23220
2000,44,7/24/2010,x,WA,ReverseLand,1157,23200
2000,45,7/24/2010,x,WA,ReverseLand,1156,23180
2000,46,7/24/2010,x,WA,ReverseLand,1155,23160
2000,47,7/24/2010,x,WA,ReverseLand,1154,23140
2000,48,7/24/2010,x,WA,ReverseLand,1153,23120
2000,49,7/24/2010,x,WA,ReverseLand,1152,23100
2000,50,7/24/2010,x,WA,ReverseLand,1151,23080
2000,51,7/24/2010,x,WA,ReverseLand,1150,23060
2000,52,7/24/2010,x,WA,ReverseLand,1149,23040
2000,1,7/24/2010,x,WA,ReverseLand,1148,23020
2000,2,7/24/2010,x,WA,ReverseLand,1147,23000
2000,3,7/24/2010,x,WA,ReverseLand,1146,22980
2000,4,7/24/2010,x,WA,ReverseLand,1145,22960
2000,5,7/24/2010,x,WA,ReverseLand,1144,22940
2000,6,7/24/2010,x,WA,ReverseLand,1143,22920
2000,7,7/24/2010,x,WA,ReverseLand,1142,22900
2000,8,7/24/2010,x,WA,ReverseLand,1141,22880
2000,9,7/24/2010,x,WA,ReverseLand,1140,22860
2000,10,7/24/2010,x,WA,ReverseLand,1139,22840
2000,11,7/24/2010,x,WA,ReverseLand,1138,22820
2000,12,7/24/2010,x,WA,ReverseLand,1137,22800
2000,13,7/24/2010,x,WA,ReverseLand,1136,22780
2000,14,7/24/2010,x,WA,ReverseLand,1135,22760
2000,15,7/24/2010,x,WA,ReverseLand,1134,22740
2000,16,7/24/2010,x,WA,ReverseLand,1133,22720
2000,17,7/24/2010,x,WA,ReverseLand,1132,22700
2000,18,7/24/2010,x,WA,ReverseLand,1131,22680
2000,19,7/24/2010,x,WA,ReverseLand,1130,22660
2000,20,7/24/2010,x,WA,ReverseLand,1129,22640
2000,21,7/24/2010,x,WA,ReverseLand,1128,22620
2000,22,7/24/2010,x,WA,ReverseLand,1127,22600
2000,23,7/24/2010,x,WA,ReverseLand,1126,22580
2000,24,7/24/2010,x,WA,ReverseLand,1125,22560
2000,25,7/24/2010,x,WA,ReverseLand,1124,22540
2000,26,7/24/2010,x,WA,ReverseLand,1123,22520
2000,27,7/24/2010,x,WA,ReverseLand,1122,22500
2000,28,7/24/2010,x,WA,ReverseLand,1121,22480
2000,29,7/24/2010,x,WA,ReverseLand,1120,22460
2000,30,7/24/2010,x,WA,ReverseLand,1119,22440
2000,31,7/24/2010,x,WA,ReverseLand,1118,22420
2000,32,7/24/2010,x,WA,ReverseLand,1117,22400
2000,33,7/24/2010,x,WA,ReverseLand,1116,22380
2000,34,7/24/2010,x,WA,ReverseLand,1115,22360
2000,35,7/24/2010,x,WA,ReverseLand,1114,22340
2000,36,7/24/2010,x,WA,ReverseLand,1113,22320
2000,37,7/24/2010,x,WA,ReverseLand,1112,22300
2000,38,7/24/2010,x,WA,ReverseLand,1111,22280
2000,39,7/24/2010,x,WA,ReverseLand,1110,22260
2000,40,7/24/2010,x,WA,ReverseLand,1109,22240
2000,41,7/24/2010,x,WA,ReverseLand,1108,22220
2000,42,7/24/2010,x,WA,ReverseLand,1107,22200
2000,43,7/24/2010,x,WA,ReverseLand,1106,22180
2000,44,7/24/2010,x,WA,ReverseLand,1105,22160
2000,45,7/24/2010,x,WA,ReverseLand,1104,22140
2000,46,7/24/2010,x,WA,ReverseLand,1103,22120
2000,47,7/24/2010,x,WA,ReverseLand,1102,22100
2000,48,7/24/2010,x,WA,ReverseLand,1101,22080
2000,49,7/24/2010,x,WA,ReverseLand,1100,22060
2000,50,7/24/2010,x,WA,ReverseLand,1099,22040
2000,51,7/24/2010,x,WA,ReverseLand,1098,22020
2000,52,7/24/2010,x,WA,ReverseLand,1097,22000
2000,53,7/24/2010,x,WA,ReverseLand,1096,21980
2000,1,7/24/2010,x,WA,ReverseLand,1095,21960
2000,2,7/24/2010,x,WA,ReverseLand,1094,21940
2000,3,7/24/2010,x,WA,ReverseLand,1093,21920
2000,4,7/24/2010,x,WA,ReverseLand,1092,21900
2000,5,7/24/2010,x,WA,ReverseLand,1091,21880
2000,6,7/24/2010,x,WA,ReverseLand,1090,21860
2000,7,7/24/2010,x,WA,ReverseLand,1089,21840
2000,8,7/24/2010,x,WA,ReverseLand,1088,21820
2000,9,7/24/2010,x,WA,ReverseLand,1087,21800
2000,10,7/24/2010,x,WA,ReverseLand,1086,21780
2000,11,7/24/2010,x,WA,ReverseLand,1085,21760
2000,12,7/24/2010,x,WA,ReverseLand,1084,21740
2000,13,7/24/2010,x,WA,ReverseLand,1083,21720
2000,14,7/24/2010,x,WA,ReverseLand,1082,21700
2000,15,7/24/2010,x,WA,ReverseLand,1081,21680
2000,16,7/24/2010,x,WA,ReverseLand,1080,21660
2000,17,7/24/2010,x,WA,ReverseLand,1079,21640
2000,18,7/24/2010,x,WA,ReverseLand,1078,21620
2000,19,7/24/2010,x,WA,ReverseLand,1077,21600
2000,20,7/24/2010,x,WA,ReverseLand,1076,21580
2000,21,7/24/2010,x,WA,ReverseLand,1075,21560
2000,22,7/24/2010,x,WA,ReverseLand,1074,21540
2000,23,7/24/2010,x,WA,ReverseLand,1073,21520
2000,24,7/24/2010,x,WA,ReverseLand,1072,21500
2000,25,7/24/2010,x,WA,ReverseLand,1071,21480
2000,26,7/24/2010,x,WA,ReverseLand,1070,21460
2000,27,7/24/2010,x,WA,ReverseLand,1069,21440
2000,28,7/24/2010,x,WA,ReverseLand,1068,21420
2000,29,7/24/2010,x,WA,ReverseLand,1067,21400
2000,30,7/24/2010,x,WA,ReverseLand,1066,21380
2000,31,7/24/2010,x,WA,ReverseLand,1065,21360
2000,32,7/24/2010,x,WA,ReverseLand,1064,21340
2000,33,7/24/2010,x,WA,ReverseLand,1063,21320
2000,34,7/24/2010,x,WA,ReverseLand,1062,21300
2000,35,7/24/2010,x,WA,ReverseLand,1061,21280
2000,36,7/24/2010,x,WA,ReverseLand,1060,21260
2000,37,7/24/2010,x,WA,ReverseLand,1059,21240
2000,38,7/24/2010,x,WA,ReverseLand,1058,21220
2000,39,7/24/2010,x,WA,ReverseLand,1057,21200
2000,40,7/24/2010,x,WA,ReverseLand,1056,21180
2000,41,7/24/2010,x,WA,ReverseLand,1055,21160
2000,42,7/24/2010,x,WA,ReverseLand,1054,21140
2000,43,7/24/2010,x,WA,ReverseLand,1053,21120
2000,44,7/24/2010,x,WA,ReverseLand,1052,21100
2000,45,7/24/2010,x,WA,ReverseLand,1051,21080
2000,46,7/24/2010,x,WA,ReverseLand,1050,21060
2000,47,7/24/2010,x,WA,ReverseLand,1049,21040
2000,48,7/24/2010,x,WA,ReverseLand,1048,21020
2000,49,7/24/2010,x,WA,ReverseLand,1047,21000
2000,50,7/24/2010,x,WA,ReverseLand,1046,20980
2000,51,7/24/2010,x,WA,ReverseLand,1045,20960
2000,52,7/24/2010,x,WA,ReverseLand,1044,20940
2000,1,7/24/2010,x,WA,ReverseLand,1043,20920
2000,2,7/24/2010,x,WA,ReverseLand,1042,20900
2000,3,7/24/2010,x,WA,ReverseLand,1041,20880
2000,4,7/24/2010,x,WA,ReverseLand,1040,20860
2000,5,7/24/2010,x,WA,ReverseLand,1039,20840
2000,6,7/24/2010,x,WA,ReverseLand,1038,20820
2000,7,7/24/2010,x,WA,ReverseLand,1037,20800
2000,8,7/24/2010,x,WA,ReverseLand,1036,20780
2000,9,7/24/2010,x,WA,ReverseLand,1035,20760
2000,10,7/24/2010,x,WA,ReverseLand,1034,20740
2000,11,7/24/2010,x,WA,ReverseLand,1033,20720
2000,12,7/24/2010,x,WA,ReverseLand,1032,20700
2000,13,7/24/2010,x,WA,ReverseLand,1031,20680
2000,14,7/24/2010,x,WA,ReverseLand,1030,20660
2000,15,7/24/2010,x,WA,ReverseLand,1029,20640
2000,16,7/24/2010,x,WA,ReverseLand,1028,20620
2000,17,7/24/2010,x,WA,ReverseLand,1027,20600
2000,18,7/24/2010,x,WA,ReverseLand,1026,20580
2000,19,7/24/2010,x,WA,ReverseLand,1025,20560
2000,20,7/24/2010,x,WA,ReverseLand,1024,20540
2000,21,7/24/2010,x,WA,ReverseLand,1023,20520
2000,22,7/24/2010,x,WA,ReverseLand,1022,20500
2000,23,7/24/2010,x,WA,ReverseLand,1021,20480
2000,24,7/24/2010,x,WA,ReverseLand,1020,20460
2000,25,7/24/2010,x,WA,ReverseLand,1019,20440
2000,26,7/24/2010,x,WA,ReverseLand,1018,20420
2000,27,7/24/2010,x,WA,ReverseLand,1017,20400
2000,28,7/24/2010,x,WA,ReverseLand,1016,20380
2000,29,7/24/2010,x,WA,ReverseLand,1015,20360
2000,30,7/24/2010,x,WA,ReverseLand,1014,20340
2000,31,7/24/2010,x,WA,ReverseLand,1013,20320
2000,32,7/24/2010,x,WA,ReverseLand,1012,20300
2000,33,7/24/2010,x,WA,ReverseLand,1011,20280
2000,34,7/24/2010,x,WA,ReverseLand,1010,20260
2000,35,7/24/2010,x,WA,ReverseLand,1009,20240
2000,36,7/24/2010,x,WA,ReverseLand,1008,20220
2000,37,7/24/2010,x,WA,ReverseLand,1007,20200
2000,38,7/24/2010,x,WA,ReverseLand,1006,20180
2000,39,7/24/2010,x,WA,ReverseLand,1005,20160
2000,40,7/24/2010,x,WA,ReverseLand,1004,20140
2000,41,7/24/2010,x,WA,ReverseLand,1003,20120
2000,42,7/24/2010,x,WA,ReverseLand,1002,20100
2000,43,7/24/2010,x,WA,ReverseLand,1001,20080
2000,44,7/24/2010,x,WA,ReverseLand,1000,20060
2000,45,7/24/2010,x,WA,ReverseLand,999,20040
2000,46,7/24/2010,x,WA,ReverseLand,998,20020
2000,47,7/24/2010,x,WA,ReverseLand,997,20000
2000,48,7/24/2010,x,WA,ReverseLand,996,19980
2000,49,7/24/2010,x,WA,ReverseLand,995,19960
2000,50,7/24/2010,x,WA,ReverseLand,994,19940
2000,51,7/24/2010,x,WA,ReverseLand,993,19920
2000,52,7/24/2010,x,WA,ReverseLand,992,19900
2000,1,7/24/2010,x,WA,ReverseLand,991,19880
2000,2,7/24/2010,x,WA,ReverseLand,990,19860
2000,3,7/24/2010,x,WA,ReverseLand,989,19840
2000,4,7/24/2010,x,WA,ReverseLand,988,19820
2000,5,7/24/2010,x,WA,ReverseLand,987,19800
2000,6,7/24/2010,x,WA,ReverseLand,986,19780
2000,7,7/24/2010,x,WA,ReverseLand,985,19760
2000,8,7/24/2010,x,WA,ReverseLand,984,19740
2000,9,7/24/2010,x,WA,ReverseLand,983,19720
2000,10,7/24/2010,x,WA,ReverseLand,982,19700
2000,11,7/24/2010,x,WA,ReverseLand,981,19680
2000,12,7/24/2010,x,WA,ReverseLand,980,19660
2000,13,7/24/2010,x,WA,ReverseLand,979,19640
2000,14,7/24/2010,x,WA,ReverseLand,978,19620
2000,15,7/24/2010,x,WA,ReverseLand,977,19600
2000,16,7/24/2010,x,WA,ReverseLand,976,19580
2000,17,7/24/2010,x,WA,ReverseLand,975,19560
2000,18,7/24/2010,x,WA,ReverseLand,974,19540
2000,19,7/24/2010,x,WA,ReverseLand,973,19520
2000,20,7/24/2010,x,WA,ReverseLand,972,19500
2000,21,7/24/2010,x,WA,ReverseLand,971,19480
2000,22,7/24/2010,x,WA,ReverseLand,970,19460
2000,23,7/24/2010,x,WA,ReverseLand,969,19440
2000,24,7/24/2010,x,WA,ReverseLand,968,19420
2000,25,7/24/2010,x,WA,ReverseLand,967,19400
2000,26,7/24/2010,x,WA,ReverseLand,966,19380
2000,27,7/24/2010,x,WA,ReverseLand,965,19360
2000,28,7/24/2010,x,WA,ReverseLand,964,19340
2000,29,7/24/2010,x,WA,ReverseLand,963,19320
2000,30,7/24/2010,x,WA,ReverseLand,962,19300
2000,31,7/24/2010,x,WA,ReverseLand,961,19280
2000,32,7/24/2010,x,WA,ReverseLand,960,19260
2000,33,7/24/2010,x,WA,ReverseLand,959,19240
2000,34,7/24/2010,x,WA,ReverseLand,958,19220
2000,35,7/24/2010,x,WA,ReverseLand,957,19200
2000,36,7/24/2010,x,WA,ReverseLand,956,19180
2000,37,7/24/2010,x,WA,ReverseLand,955,19160
2000,38,7/24/2010,x,WA,ReverseLand,954,19140
2000,39,7/24/2010,x,WA,ReverseLand,953,19120
2000,40,7/24/2010,x,WA,ReverseLand,952,19100
2000,41,7/24/2010,x,WA,ReverseLand,951,19080
2000,42,7/24/2010,x,WA,ReverseLand,950,19060
2000,43,7/24/2010,x,WA,ReverseLand,949,19040
2000,44,7/24/2010,x,WA,ReverseLand,948,19020
2000,45,7/24/2010,x,WA,ReverseLand,947,19000
2000,46,7/24/2010,x,WA,ReverseLand,946,18980
2000,47,7/24/2010,x,WA,ReverseLand,945,18960
2000,48,7/24/2010,x,WA,ReverseLand,944,18940
2000,49,7/24/2010,x,WA,ReverseLand,943,18920
2000,50,7/24/2010,x,WA,ReverseLand,942,18900
2000,51,7/24/2010,x,WA,ReverseLand,941,18880
2000,52,7/24/2010,x,WA,ReverseLand,940,18860
2000,1,7/24/2010,x,WA,ReverseLand,939,18840
2000,2,7/24/2010,x,WA,ReverseLand,938,18820
2000,3,7/24/2010,x,WA,ReverseLand,937,18800
2000,4,7/24/2010,x,WA,ReverseLand,936,18780
2000,5,7/24/2010,x,WA,ReverseLand,935,18760
2000,6,7/24/2010,x,WA,ReverseLand,934,18740
2000,7,7/24/2010,x,WA,ReverseLand,933,18720
2000,8,7/24/2010,x,WA,ReverseLand,932,18700
2000,9,7/24/2010,x,WA,ReverseLand,931,18680
2000,10,7/24/2010,x,WA,ReverseLand,930,18660
2000,11,7/24/2010,x,WA,ReverseLand,929,18640
2000,12,7/24/2010,x,WA,ReverseLand,928,18620
2000,13,7/24/2010,x,WA,ReverseLand,927,18600
2000,14,7/24/2010,x,WA,ReverseLand,926,18580
2000,15,7/24/2010,x,WA,ReverseLand,925,18560
2000,16,7/24/2010,x,WA,ReverseLand,924,18540
2000,17,7/24/2010,x,WA,ReverseLand,923,18520
2000,18,7/24/2010,x,WA,ReverseLand,922,18500
2000,19,7/24/2010,x,WA,ReverseLand,921,18480
2000,20,7/24/2010,x,WA,ReverseLand,920,18460
2000,21,7/24/2010,x,WA,ReverseLand,919,18440
2000,22,7/24/2010,x,WA,ReverseLand,918,18420
2000,23,7/24/2010,x,WA,ReverseLand,917,18400
2000,24,7/24/2010,x,WA,ReverseLand,916,18380
2000,25,7/24/2010,x,WA,ReverseLand,915,18360
2000,26,7/24/2010,x,WA,ReverseLand,914,18340
2000,27,7/24/2010,x,WA,ReverseLand,913,18320
2000,28,7/24/2010,x,WA,ReverseLand,912,18300
2000,29,7/24/2010,x,WA,ReverseLand,911,18280
2000,30,7/24/2010,x,WA,ReverseLand,910,18260
2000,31,7/24/2010,x,WA,ReverseLand,909,18240
2000,32,7/24/2010,x,WA,ReverseLand,908,18220
2000,33,7/24/2010,x,WA,ReverseLand,907,18200
2000,34,7/24/2010,x,WA,ReverseLand,906,18180
2000,35,7/24/2010,x,WA,ReverseLand,905,18160
2000,36,7/24/2010,x,WA,ReverseLand,904,18140
2000,37,7/24/2010,x,WA,ReverseLand,903,18120
2000,38,7/24/2010,x,WA,ReverseLand,902,18100
2000,39,7/24/2010,x,WA,ReverseLand,901,18080
2000,40,7/24/2010,x,WA,ReverseLand,900,18060
2000,41,7/24/2010,x,WA,ReverseLand,899,18040
2000,42,7/24/2010,x,WA,ReverseLand,898,18020
2000,43,7/24/2010,x,WA,ReverseLand,897,18000
2000,44,7/24/2010,x,WA,ReverseLand,896,17980
2000,45,7/24/2010,x,WA,ReverseLand,895,17960
2000,46,7/24/2010,x,WA,ReverseLand,894,17940
2000,47,7/24/2010,x,WA,ReverseLand,893,17920
2000,48,7/24/2010,x,WA,ReverseLand,892,17900
2000,49,7/24/2010,x,WA,ReverseLand,891,17880
2000,50,7/24/2010,x,WA,ReverseLand,890,17860
2000,51,7/24/2010,x,WA,ReverseLand,889,17840
2000,52,7/24/2010,x,WA,ReverseLand,888,17820
2000,1,7/24/2010,x,WA,ReverseLand,887,17800
2000,2,7/24/2010,x,WA,ReverseLand,886,17780
2000,3,7/24/2010,x,WA,ReverseLand,885,17760
2000,4,7/24/2010,x,WA,ReverseLand,884,17740
2000,5,7/24/2010,x,WA,ReverseLand,883,17720
2000,6,7/24/2010,x,WA,ReverseLand,882,17700
2000,7,7/24/2010,x,WA,ReverseLand,881,17680
2000,8,7/24/2010,x,WA,ReverseLand,880,17660
2000,9,7/24/2010,x,WA,ReverseLand,879,17640
2000,10,7/24/2010,x,WA,ReverseLand,878,17620
2000,11,7/24/2010,x,WA,ReverseLand,877,17600
2000,12,7/24/2010,x,WA,ReverseLand,876,17580
2000,13,7/24/2010,x,WA,ReverseLand,875,17560
2000,14,7/24/2010,x,WA,ReverseLand,874,17540
2000,15,7/24/2010,x,WA,ReverseLand,873,17520
2000,16,7/24/2010,x,WA,ReverseLand,872,17500
2000,17,7/24/2010,x,WA,ReverseLand,871,17480
2000,18,7/24/2010,x,WA,ReverseLand,870,17460
2000,19,7/24/2010,x,WA,ReverseLand,869,17440
2000,20,7/24/2010,x,WA,ReverseLand,868,17420
2000,21,7/24/2010,x,WA,ReverseLand,867,17400
2000,22,7/24/2010,x,WA,ReverseLand,866,17380
2000,23,7/24/2010,x,WA,ReverseLand,865,17360
2000,24,7/24/2010,x,WA,ReverseLand,864,17340
2000,25,7/24/2010,x,WA,ReverseLand,863,17320
2000,26,7/24/2010,x,WA,ReverseLand,862,17300
2000,27,7/24/2010,x,WA,ReverseLand,861,17280
2000,28,7/24/2010,x,WA,ReverseLand,860,17260
2000,29,7/24/2010,x,WA,ReverseLand,859,17240
2000,30,7/24/2010,x,WA,ReverseLand,858,17220
2000,31,7/24/2010,x,WA,ReverseLand,857,17200
2000,32,7/24/2010,x,WA,ReverseLand,856,17180
2000,33,7/24/2010,x,WA,ReverseLand,855,17160
2000,34,7/24/2010,x,WA,ReverseLand,854,17140
2000,35,7/24/2010,x,WA,ReverseLand,853,17120
2000,36,7/24/2010,x,WA,ReverseLand,852,17100
2000,37,7/24/2010,x,WA,ReverseLand,851,17080
2000,38,7/24/2010,x,WA,ReverseLand,850,17060
2000,39,7/24/2010,x,WA,ReverseLand,849,17040
2000,40,7/24/2010,x,WA,ReverseLand,848,17020
2000,41,7/24/2010,x,WA,ReverseLand,847,17000
2000,42,7/24/2010,x,WA,ReverseLand,846,16980
2000,43,7/24/2010,x,WA,ReverseLand,845,16960
2000,44,7/24/2010,x,WA,ReverseLand,844,16940
2000,45,7/24/2010,x,WA,ReverseLand,843,16920
2000,46,7/24/2010,x,WA,ReverseLand,842,16900
2000,47,7/24/2010,x,WA,ReverseLand,841,16880
2000,48,7/24/2010,x,WA,ReverseLand,840,16860
2000,49,7/24/2010,x,WA,ReverseLand,839,16840
2000,50,7/24/2010,x,WA,ReverseLand,838,16820
2000,51,7/24/2010,x,WA,ReverseLand,837,16800
2000,52,7/24/2010,x,WA,ReverseLand,836,16780
2000,1,7/24/2010,x,WA,ReverseLand,835,16760
2000,2,7/24/2010,x,WA,ReverseLand,834,16740
2000,3,7/24/2010,x,WA,ReverseLand,833,16720
2000,4,7/24/2010,x,WA,ReverseLand,832,16700
2000,5,7/24/2010,x,WA,ReverseLand,831,16680
2000,6,7/24/2010,x,WA,ReverseLand,830,16660
2000,7,7/24/2010,x,WA,ReverseLand,829,16640
2000,8,7/24/2010,x,WA,ReverseLand,828,16620
2000,9,7/24/2010,x,WA,ReverseLand,827,16600
2000,10,7/24/2010,x,WA,ReverseLand,826,16580
2000,11,7/24/2010,x,WA,ReverseLand,825,16560
2000,12,7/24/2010,x,WA,ReverseLand,824,16540
2000,13,7/24/2010,x,WA,ReverseLand,823,16520
2000,14,7/24/2010,x,WA,ReverseLand,822,16500
2000,15,7/24/2010,x,WA,ReverseLand,821,16480
2000,16,7/24/2010,x,WA,ReverseLand,820,16460
2000,17,7/24/2010,x,WA,ReverseLand,819,16440
2000,18,7/24/2010,x,WA,ReverseLand,818,16420
2000,19,7/24/2010,x,WA,ReverseLand,817,16400
2000,20,7/24/2010,x,WA,ReverseLand,816,16380
2000,21,7/24/2010,x,WA,ReverseLand,815,16360
2000,22,7/24/2010,x,WA,ReverseLand,814,16340
2000,23,7/24/2010,x,WA,ReverseLand,813,16320
2000,24,7/24/2010,x,WA,ReverseLand,812,16300
2000,25,7/24/2010,x,WA,ReverseLand,811,16280
2000,26,7/24/2010,x,WA,ReverseLand,810,16260
2000,27,7/24/2010,x,WA,ReverseLand,809,16240
2000,28,7/24/2010,x,WA,ReverseLand,808,16220
2000,29,7/24/2010,x,WA,ReverseLand,807,16200
2000,30,7/24/2010,x,WA,ReverseLand,806,16180
2000,31,7/24/2010,x,WA,ReverseLand,805,16160
2000,32,7/24/2010,x,WA,ReverseLand,804,16140
2000,33,7/24/2010,x,WA,ReverseLand,803,16120
2000,34,7/24/2010,x,WA,ReverseLand,802,16100
2000,35,7/24/2010,x,WA,ReverseLand,801,16080
2000,36,7/24/2010,x,WA,ReverseLand,800,16060
2000,37,7/24/2010,x,WA,ReverseLand,799,16040
2000,38,7/24/2010,x,WA,ReverseLand,798,16020
2000,39,7/24/2010,x,WA,ReverseLand,797,16000
2000,40,7/24/2010,x,WA,ReverseLand,796,15980
2000,41,7/24/2010,x,WA,ReverseLand,795,15960
2000,42,7/24/2010,x,WA,ReverseLand,794,15940
2000,43,7/24/2010,x,WA,ReverseLand,793,15920
2000,44,7/24/2010,x,WA,ReverseLand,792,15900
2000,45,7/24/2010,x,WA,ReverseLand,791,15880
2000,46,7/24/2010,x,WA,ReverseLand,790,15860
2000,47,7/24/2010,x,WA,ReverseLand,789,15840
2000,48,7/24/2010,x,WA,ReverseLand,788,15820
2000,49,7/24/2010,x,WA,ReverseLand,787,15800
2000,50,7/24/2010,x,WA,ReverseLand,786,15780
2000,51,7/24/2010,x,WA,ReverseLand,785,15760
2000,52,7/24/2010,x,WA,ReverseLand,784,15740
2000,53,7/24/2010,x,WA,ReverseLand,783,15720
2000,1,7/24/2010,x,WA,ReverseLand,782,15700
2000,2,7/24/2010,x,WA,ReverseLand,781,15680
2000,3,7/24/2010,x,WA,ReverseLand,780,15660
2000,4,7/24/2010,x,WA,ReverseLand,779,15640
2000,5,7/24/2010,x,WA,ReverseLand,778,15620
2000,6,7/24/2010,x,WA,ReverseLand,777,15600
2000,7,7/24/2010,x,WA,ReverseLand,776,15580
2000,8,7/24/2010,x,WA,ReverseLand,775,15560
2000,9,7/24/2010,x,WA,ReverseLand,774,15540
2000,10,7/24/2010,x,WA,ReverseLand,773,15520
2000,11,7/24/2010,x,WA,ReverseLand,772,15500
2000,12,7/24/2010,x,WA,ReverseLand,771,15480
2000,13,7/24/2010,x,WA,ReverseLand,770,15460
2000,14,7/24/2010,x,WA,ReverseLand,769,15440
2000,15,7/24/2010,x,WA,ReverseLand,768,15420
2000,16,7/24/2010,x,WA,ReverseLand,767,15400
2000,17,7/24/2010,x,WA,ReverseLand,766,15380
2000,18,7/24/2010,x,WA,ReverseLand,765,15360
2000,19,7/24/2010,x,WA,ReverseLand,764,15340
2000,20,7/24/2010,x,WA,ReverseLand,763,15320
2000,21,7/24/2010,x,WA,ReverseLand,762,15300
2000,22,7/24/2010,x,WA,ReverseLand,761,15280
2000,23,7/24/2010,x,WA,ReverseLand,760,15260
2000,24,7/24/2010,x,WA,ReverseLand,759,15240
2000,25,7/24/2010,x,WA,ReverseLand,758,15220
2000,26,7/24/2010,x,WA,ReverseLand,757,15200
2000,27,7/24/2010,x,WA,ReverseLand,756,15180
2000,28,7/24/2010,x,WA,ReverseLand,755,15160
2000,29,7/24/2010,x,WA,ReverseLand,754,15140
2000,30,7/24/2010,x,WA,ReverseLand,753,15120
2000,31,7/24/2010,x,WA,ReverseLand,752,15100
2000,32,7/24/2010,x,WA,ReverseLand,751,15080
2000,33,7/24/2010,x,WA,ReverseLand,750,15060
2000,34,7/24/2010,x,WA,ReverseLand,749,15040
2000,35,7/24/2010,x,WA,ReverseLand,748,15020
2000,36,7/24/2010,x,WA,ReverseLand,747,15000
2000,37,7/24/2010,x,WA,ReverseLand,746,14980
2000,38,7/24/2010,x,WA,ReverseLand,745,14960
2000,39,7/24/2010,x,WA,ReverseLand,744,14940
2000,40,7/24/2010,x,WA,ReverseLand,743,14920
2000,41,7/24/2010,x,WA,ReverseLand,742,14900
2000,42,7/24/2010,x,WA,ReverseLand,741,14880
2000,43,7/24/2010,x,WA,ReverseLand,740,14860
2000,44,7/24/2010,x,WA,ReverseLand,739,14840
2000,45,7/24/2010,x,WA,ReverseLand,738,14820
2000,46,7/24/2010,x,WA,ReverseLand,737,14800
2000,47,7/24/2010,x,WA,ReverseLand,736,14780
2000,48,7/24/2010,x,WA,ReverseLand,735,14760
2000,49,7/24/2010,x,WA,ReverseLand,734,14740
2000,50,7/24/2010,x,WA,ReverseLand,733,14720
2000,51,7/24/2010,x,WA,ReverseLand,732,14700
2000,52,7/24/2010,x,WA,ReverseLand,731,14680
2000,1,7/24/2010,x,WA,ReverseLand,730,14660
2000,2,7/24/2010,x,WA,ReverseLand,729,14640
2000,3,7/24/2010,x,WA,ReverseLand,728,14620
2000,4,7/24/2010,x,WA,ReverseLand,727,14600
2000,5,7/24/2010,x,WA,ReverseLand,726,14580
2000,6,7/24/2010,x,WA,ReverseLand,725,14560
2000,7,7/24/2010,x,WA,ReverseLand,724,14540
2000,8,7/24/2010,x,WA,ReverseLand,723,14520
2000,9,7/24/2010,x,WA,ReverseLand,722,14500
2000,10,7/24/2010,x,WA,ReverseLand,721,14480
2000,11,7/24/2010,x,WA,ReverseLand,720,14460
2000,12,7/24/2010,x,WA,ReverseLand,719,14440
2000,13,7/24/2010,x,WA,ReverseLand,718,14420
2000,14,7/24/2010,x,WA,ReverseLand,717,14400
2000,15,7/24/2010,x,WA,ReverseLand,716,14380
2000,16,7/24/2010,x,WA,ReverseLand,715,14360
2000,17,7/24/2010,x,WA,ReverseLand,714,14340
2000,18,7/24/2010,x,WA,ReverseLand,713,14320
2000,19,7/24/2010,x,WA,ReverseLand,712,14300
2000,20,7/24/2010,x,WA,ReverseLand,711,14280
2000,21,7/24/2010,x,WA,ReverseLand,710,14260
2000,22,7/24/2010,x,WA,ReverseLand,709,14240
2000,23,7/24/2010,x,WA,ReverseLand,708,14220
2000,24,7/24/2010,x,WA,ReverseLand,707,14200
2000,25,7/24/2010,x,WA,ReverseLand,706,14180
2000,26,7/24/2010,x,WA,ReverseLand,705,14160
2000,27,7/24/2010,x,WA,ReverseLand,704,14140
2000,28,7/24/2010,x,WA,ReverseLand,703,14120
2000,29,7/24/2010,x,WA,ReverseLand,702,14100
2000,30,7/24/2010,x,WA,ReverseLand,701,14080
2000,31,7/24/2010,x,WA,ReverseLand,700,14060
2000,32,7/24/2010,x,WA,ReverseLand,699,14040
2000,33,7/24/2010,x,WA,ReverseLand,698,14020
2000,34,7/24/2010,x,WA,ReverseLand,697,14000
2000,35,7/24/2010,x,WA,ReverseLand,696,13980
2000,36,7/24/2010,x,WA,ReverseLand,695,13960
2000,37,7/24/2010,x,WA,ReverseLand,694,13940
2000,38,7/24/2010,x,WA,ReverseLand,693,13920
2000,39,7/24/2010,x,WA,ReverseLand,692,13900
2000,40,7/24/2010,x,WA,ReverseLand,691,13880
2000,41,7/24/2010,x,WA,ReverseLand,690,13860
2000,42,7/24/2010,x,WA,ReverseLand,689,13840
2000,43,7/24/2010,x,WA,ReverseLand,688,13820
2000,44,7/24/2010,x,WA,ReverseLand,687,13800
2000,45,7/24/2010,x,WA,ReverseLand,686,13780
2000,46,7/24/2010,x,WA,ReverseLand,685,13760
2000,47,7/24/2010,x,WA,ReverseLand,684,13740
2000,48,7/24/2010,x,WA,ReverseLand,683,13720
2000,49,7/24/2010,x,WA,ReverseLand,682,13700
2000,50,7/24/2010,x,WA,ReverseLand,681,13680
2000,51,7/24/2010,x,WA,ReverseLand,680,13660
2000,52,7/24/2010,x,WA,ReverseLand,679,13640
2000,1,7/24/2010,x,WA,ReverseLand,678,13620
2000,2,7/24/2010,x,WA,ReverseLand,677,13600
2000,3,7/24/2010,x,WA,ReverseLand,676,13580
2000,4,7/24/2010,x,WA,ReverseLand,675,13560
2000,5,7/24/2010,x,WA,ReverseLand,674,13540
2000,6,7/24/2010,x,WA,ReverseLand,673,13520
2000,7,7/24/2010,x,WA,ReverseLand,672,13500
2000,8,7/24/2010,x,WA,ReverseLand,671,13480
2000,9,7/24/2010,x,WA,ReverseLand,670,13460
2000,10,7/24/2010,x,WA,ReverseLand,669,13440
2000,11,7/24/2010,x,WA,ReverseLand,668,13420
2000,12,7/24/2010,x,WA,ReverseLand,667,13400
2000,13,7/24/2010,x,WA,ReverseLand,666,13380
2000,14,7/24/2010,x,WA,ReverseLand,665,13360
2000,15,7/24/2010,x,WA,ReverseLand,664,13340
2000,16,7/24/2010,x,WA,ReverseLand,663,13320
2000,17,7/24/2010,x,WA,ReverseLand,662,13300
2000,18,7/24/2010,x,WA,ReverseLand,661,13280
2000,19,7/24/2010,x,WA,ReverseLand,660,13260
2000,20,7/24/2010,x,WA,ReverseLand,659,13240
2000,21,7/24/2010,x,WA,ReverseLand,658,13220
2000,22,7/24/2010,x,WA,ReverseLand,657,13200
2000,23,7/24/2010,x,WA,ReverseLand,656,13180
2000,24,7/24/2010,x,WA,ReverseLand,655,13160
2000,25,7/24/2010,x,WA,ReverseLand,654,13140
2000,26,7/24/2010,x,WA,ReverseLand,653,13120
2000,27,7/24/2010,x,WA,ReverseLand,652,13100
2000,28,7/24/2010,x,WA,ReverseLand,651,13080
2000,29,7/24/2010,x,WA,ReverseLand,650,13060
2000,30,7/24/2010,x,WA,ReverseLand,649,13040
2000,31,7/24/2010,x,WA,ReverseLand,648,13020
2000,32,7/24/2010,x,WA,ReverseLand,647,13000
2000,33,7/24/2010,x,WA,ReverseLand,646,12980
2000,34,7/24/2010,x,WA,ReverseLand,645,12960
2000,35,7/24/2010,x,WA,ReverseLand,644,12940
2000,36,7/24/2010,x,WA,ReverseLand,643,12920
2000,37,7/24/2010,x,WA,ReverseLand,642,12900
2000,38,7/24/2010,x,WA,ReverseLand,641,12880
2000,39,7/24/2010,x,WA,ReverseLand,640,12860
2000,40,7/24/2010,x,WA,ReverseLand,639,12840
2000,41,7/24/2010,x,WA,ReverseLand,638,12820
2000,42,7/24/2010,x,WA,ReverseLand,637,12800
2000,43,7/24/2010,x,WA,ReverseLand,636,12780
2000,44,7/24/2010,x,WA,ReverseLand,635,12760
2000,45,7/24/2010,x,WA,ReverseLand,634,12740
2000,46,7/24/2010,x,WA,ReverseLand,633,12720
2000,47,7/24/2010,x,WA,ReverseLand,632,12700
2000,48,7/24/2010,x,WA,ReverseLand,631,12680
2000,49,7/24/2010,x,WA,ReverseLand,630,12660
2000,50,7/24/2010,x,WA,ReverseLand,629,12640
2000,51,7/24/2010,x,WA,ReverseLand,628,12620
2000,52,7/24/2010,x,WA,ReverseLand,627,12600
2000,1,7/24/2010,x,WA,ReverseLand,626,12580
2000,2,7/24/2010,x,WA,ReverseLand,625,12560
2000,3,7/24/2010,x,WA,ReverseLand,624,12540
2000,4,7/24/2010,x,WA,ReverseLand,623,12520
2000,5,7/24/2010,x,WA,ReverseLand,622,12500
2000,6,7/24/2010,x,WA,ReverseLand,621,12480
2000,7,7/24/2010,x,WA,ReverseLand,620,12460
2000,8,7/24/2010,x,WA,ReverseLand,619,12440
2000,9,7/24/2010,x,WA,ReverseLand,618,12420
2000,10,7/24/2010,x,WA,ReverseLand,617,12400
2000,11,7/24/2010,x,WA,ReverseLand,616,12380
2000,12,7/24/2010,x,WA,ReverseLand,615,12360
2000,13,7/24/2010,x,WA,ReverseLand,614,12340
2000,14,7/24/2010,x,WA,ReverseLand,613,12320
2000,15,7/24/2010,x,WA,ReverseLand,612,12300
2000,16,7/24/2010,x,WA,ReverseLand,611,12280
2000,17,7/24/2010,x,WA,ReverseLand,610,12260
2000,18,7/24/2010,x,WA,ReverseLand,609,12240
2000,19,7/24/2010,x,WA,ReverseLand,608,12220
2000,20,7/24/2010,x,WA,ReverseLand,607,12200
2000,21,7/24/2010,x,WA,ReverseLand,606,12180
2000,22,7/24/2010,x,WA,ReverseLand,605,12160
2000,23,7/24/2010,x,WA,ReverseLand,604,12140
2000,24,7/24/2010,x,WA,ReverseLand,603,12120
2000,25,7/24/2010,x,WA,ReverseLand,602,12100
2000,26,7/24/2010,x,WA,ReverseLand,601,12080
2000,27,7/24/2010,x,WA,ReverseLand,600,12060
2000,28,7/24/2010,x,WA,ReverseLand,599,12040
2000,29,7/24/2010,x,WA,ReverseLand,598,12020
2000,30,7/24/2010,x,WA,ReverseLand,597,12000
2000,31,7/24/2010,x,WA,ReverseLand,596,11980
2000,32,7/24/2010,x,WA,ReverseLand,595,11960
2000,33,7/24/2010,x,WA,ReverseLand,594,11940
2000,34,7/24/2010,x,WA,ReverseLand,593,11920
2000,35,7/24/2010,x,WA,ReverseLand,592,11900
2000,36,7/24/2010,x,WA,ReverseLand,591,11880
2000,37,7/24/2010,x,WA,ReverseLand,590,11860
2000,38,7/24/2010,x,WA,ReverseLand,589,11840
2000,39,7/24/2010,x,WA,ReverseLand,588,11820
2000,40,7/24/2010,x,WA,ReverseLand,587,11800
2000,41,7/24/2010,x,WA,ReverseLand,586,11780
2000,42,7/24/2010,x,WA,ReverseLand,585,11760
2000,43,7/24/2010,x,WA,ReverseLand,584,11740
2000,44,7/24/2010,x,WA,ReverseLand,583,11720
2000,45,7/24/2010,x,WA,ReverseLand,582,11700
2000,46,7/24/2010,x,WA,ReverseLand,581,11680
2000,47,7/24/2010,x,WA,ReverseLand,580,11660
2000,48,7/24/2010,x,WA,ReverseLand,579,11640
2000,49,7/24/2010,x,WA,ReverseLand,578,11620
2000,50,7/24/2010,x,WA,ReverseLand,577,11600
2000,51,7/24/2010,x,WA,ReverseLand,576,11580
2000,52,7/24/2010,x,WA,ReverseLand,575,11560
2000,1,7/24/2010,x,WA,ReverseLand,574,11540
2000,2,7/24/2010,x,WA,ReverseLand,573,11520
2000,3,7/24/2010,x,WA,ReverseLand,572,11500
2000,4,7/24/2010,x,WA,ReverseLand,571,11480
2000,5,7/24/2010,x,WA,ReverseLand,570,11460
2000,6,7/24/2010,x,WA,ReverseLand,569,11440
2000,7,7/24/2010,x,WA,ReverseLand,568,11420
2000,8,7/24/2010,x,WA,ReverseLand,567,11400
2000,9,7/24/2010,x,WA,ReverseLand,566,11380
2000,10,7/24/2010,x,WA,ReverseLand,565,11360
2000,11,7/24/2010,x,WA,ReverseLand,564,11340
2000,12,7/24/2010,x,WA,ReverseLand,563,11320
2000,13,7/24/2010,x,WA,ReverseLand,562,11300
2000,14,7/24/2010,x,WA,ReverseLand,561,11280
2000,15,7/24/2010,x,WA,ReverseLand,560,11260
2000,16,7/24/2010,x,WA,ReverseLand,559,11240
2000,17,7/24/2010,x,WA,ReverseLand,558,11220
2000,18,7/24/2010,x,WA,ReverseLand,557,11200
2000,19,7/24/2010,x,WA,ReverseLand,556,11180
2000,20,7/24/2010,x,WA,ReverseLand,555,11160
2000,21,7/24/2010,x,WA,ReverseLand,554,11140
2000,22,7/24/2010,x,WA,ReverseLand,553,11120
2000,23,7/24/2010,x,WA,ReverseLand,552,11100
2000,24,7/24/2010,x,WA,ReverseLand,551,11080
2000,25,7/24/2010,x,WA,ReverseLand,550,11060
2000,26,7/24/2010,x,WA,ReverseLand,549,11040
2000,27,7/24/2010,x,WA,ReverseLand,548,11020
2000,28,7/24/2010,x,WA,ReverseLand,547,11000
2000,29,7/24/2010,x,WA,ReverseLand,546,10980
2000,30,7/24/2010,x,WA,ReverseLand,545,10960
2000,31,7/24/2010,x,WA,ReverseLand,544,10940
2000,32,7/24/2010,x,WA,ReverseLand,543,10920
2000,33,7/24/2010,x,WA,ReverseLand,542,10900
2000,34,7/24/2010,x,WA,ReverseLand,541,10880
2000,35,7/24/2010,x,WA,ReverseLand,540,10860
2000,36,7/24/2010,x,WA,ReverseLand,539,10840
2000,37,7/24/2010,x,WA,ReverseLand,538,10820
2000,38,7/24/2010,x,WA,ReverseLand,537,10800
2000,39,7/24/2010,x,WA,ReverseLand,536,10780
2000,40,7/24/2010,x,WA,ReverseLand,535,10760
2000,41,7/24/2010,x,WA,ReverseLand,534,10740
2000,42,7/24/2010,x,WA,ReverseLand,533,10720
2000,43,7/24/2010,x,WA,ReverseLand,532,10700
2000,44,7/24/2010,x,WA,ReverseLand,531,10680
2000,45,7/24/2010,x,WA,ReverseLand,530,10660
2000,46,7/24/2010,x,WA,ReverseLand,529,10640
2000,47,7/24/2010,x,WA,ReverseLand,528,10620
2000,48,7/24/2010,x,WA,ReverseLand,527,10600
2000,49,7/24/2010,x,WA,ReverseLand,526,10580
2000,50,7/24/2010,x,WA,ReverseLand,525,10560
2000,51,7/24/2010,x,WA,ReverseLand,524,10540
2000,52,7/24/2010,x,WA,ReverseLand,523,10520
2000,1,7/24/2010,x,WA,ReverseLand,522,10500
2000,2,7/24/2010,x,WA,ReverseLand,521,10480
2000,3,7/24/2010,x,WA,ReverseLand,520,10460
2000,4,7/24/2010,x,WA,ReverseLand,519,10440
2000,5,7/24/2010,x,WA,ReverseLand,518,10420
2000,6,7/24/2010,x,WA,ReverseLand,517,10400
2000,7,7/24/2010,x,WA,ReverseLand,516,10380
2000,8,7/24/2010,x,WA,ReverseLand,515,10360
2000,9,7/24/2010,x,WA,ReverseLand,514,10340
2000,10,7/24/2010,x,WA,ReverseLand,513,10320
2000,11,7/24/2010,x,WA,ReverseLand,512,10300
2000,12,7/24/2010,x,WA,ReverseLand,511,10280
2000,13,7/24/2010,x,WA,ReverseLand,510,10260
2000,14,7/24/2010,x,WA,ReverseLand,509,10240
2000,15,7/24/2010,x,WA,ReverseLand,508,10220
2000,16,7/24/2010,x,WA,ReverseLand,507,10200
2000,17,7/24/2010,x,WA,ReverseLand,506,10180
2000,18,7/24/2010,x,WA,ReverseLand,505,10160
2000,19,7/24/2010,x,WA,ReverseLand,504,10140
2000,20,7/24/2010,x,WA,ReverseLand,503,10120
2000,21,7/24/2010,x,WA,ReverseLand,502,10100
2000,22,7/24/2010,x,WA,ReverseLand,501,10080
2000,23,7/24/2010,x,WA,ReverseLand,500,10060
2000,24,7/24/2010,x,WA,ReverseLand,499,10040
2000,25,7/24/2010,x,WA,ReverseLand,498,10020
2000,26,7/24/2010,x,WA,ReverseLand,497,10000
2000,27,7/24/2010,x,WA,ReverseLand,496,9980
2000,28,7/24/2010,x,WA,ReverseLand,495,9960
2000,29,7/24/2010,x,WA,ReverseLand,494,9940
2000,30,7/24/2010,x,WA,ReverseLand,493,9920
2000,31,7/24/2010,x,WA,ReverseLand,492,9900
2000,32,7/24/2010,x,WA,ReverseLand,491,9880
2000,33,7/24/2010,x,WA,ReverseLand,490,9860
2000,34,7/24/2010,x,WA,ReverseLand,489,9840
2000,35,7/24/2010,x,WA,ReverseLand,488,9820
2000,36,7/24/2010,x,WA,ReverseLand,487,9800
2000,37,7/24/2010,x,WA,ReverseLand,486,9780
2000,38,7/24/2010,x,WA,ReverseLand,485,9760
2000,39,7/24/2010,x,WA,ReverseLand,484,9740
2000,40,7/24/2010,x,WA,ReverseLand,483,9720
2000,41,7/24/2010,x,WA,ReverseLand,482,9700
2000,42,7/24/2010,x,WA,ReverseLand,481,9680
2000,43,7/24/2010,x,WA,ReverseLand,480,9660
2000,44,7/24/2010,x,WA,ReverseLand,479,9640
2000,45,7/24/2010,x,WA,ReverseLand,478,9620
2000,46,7/24/2010,x,WA,ReverseLand,477,9600
2000,47,7/24/2010,x,WA,ReverseLand,476,9580
2000,48,7/24/2010,x,WA,ReverseLand,475,9560
2000,49,7/24/2010,x,WA,ReverseLand,474,9540
2000,50,7/24/2010,x,WA,ReverseLand,473,9520
2000,51,7/24/2010,x,WA,ReverseLand,472,9500
2000,52,7/24/2010,x,WA,ReverseLand,471,9480
2000,53,7/24/2010,x,WA,ReverseLand,470,9460
2000,1,7/24/2010,x,WA,ReverseLand,469,9440
2000,2,7/24/2010,x,WA,ReverseLand,468,9420
2000,3,7/24/2010,x,WA,ReverseLand,467,9400
2000,4,7/24/2010,x,WA,ReverseLand,466,9380
2000,5,7/24/2010,x,WA,ReverseLand,465,9360
2000,6,7/24/2010,x,WA,ReverseLand,464,9340
2000,7,7/24/2010,x,WA,ReverseLand,463,9320
2000,8,7/24/2010,x,WA,ReverseLand,462,9300
2000,9,7/24/2010,x,WA,ReverseLand,461,9280
2000,10,7/24/2010,x,WA,ReverseLand,460,9260
2000,11,7/24/2010,x,WA,ReverseLand,459,9240
2000,12,7/24/2010,x,WA,ReverseLand,458,9220
2000,13,7/24/2010,x,WA,ReverseLand,457,9200
2000,14,7/24/2010,x,WA,ReverseLand,456,9180
2000,15,7/24/2010,x,WA,ReverseLand,455,9160
2000,16,7/24/2010,x,WA,ReverseLand,454,9140
2000,17,7/24/2010,x,WA,ReverseLand,453,9120
2000,18,7/24/2010,x,WA,ReverseLand,452,9100
2000,19,7/24/2010,x,WA,ReverseLand,451,9080
2000,20,7/24/2010,x,WA,ReverseLand,450,9060
2000,21,7/24/2010,x,WA,ReverseLand,449,9040
2000,22,7/24/2010,x,WA,ReverseLand,448,9020
2000,23,7/24/2010,x,WA,ReverseLand,447,9000
2000,24,7/24/2010,x,WA,ReverseLand,446,8980
2000,25,7/24/2010,x,WA,ReverseLand,445,8960
2000,26,7/24/2010,x,WA,ReverseLand,444,8940
2000,27,7/24/2010,x,WA,ReverseLand,443,8920
2000,28,7/24/2010,x,WA,ReverseLand,442,8900
2000,29,7/24/2010,x,WA,ReverseLand,441,8880
2000,30,7/24/2010,x,WA,ReverseLand,440,8860
2000,31,7/24/2010,x,WA,ReverseLand,439,8840
2000,32,7/24/2010,x,WA,ReverseLand,438,8820
2000,33,7/24/2010,x,WA,ReverseLand,437,8800
2000,34,7/24/2010,x,WA,ReverseLand,436,8780
2000,35,7/24/2010,x,WA,ReverseLand,435,8760
2000,36,7/24/2010,x,WA,ReverseLand,434,8740
2000,37,7/24/2010,x,WA,ReverseLand,433,8720
2000,38,7/24/2010,x,WA,ReverseLand,432,8700
2000,39,7/24/2010,x,WA,ReverseLand,431,8680
2000,40,7/24/2010,x,WA,ReverseLand,430,8660
2000,41,7/24/2010,x,WA,ReverseLand,429,8640
2000,42,7/24/2010,x,WA,ReverseLand,428,8620
2000,43,7/24/2010,x,WA,ReverseLand,427,8600
2000,44,7/24/2010,x,WA,ReverseLand,426,8580
2000,45,7/24/2010,x,WA,ReverseLand,425,8560
2000,46,7/24/2010,x,WA,ReverseLand,424,8540
2000,47,7/24/2010,x,WA,ReverseLand,423,8520
2000,48,7/24/2010,x,WA,ReverseLand,422,8500
2000,49,7/24/2010,x,WA,ReverseLand,421,8480
2000,50,7/24/2010,x,WA,ReverseLand,420,8460
2000,51,7/24/2010,x,WA,ReverseLand,419,8440
2000,52,7/24/2010,x,WA,ReverseLand,418,8420
2000,1,7/24/2010,x,WA,ReverseLand,417,8400
2000,2,7/24/2010,x,WA,ReverseLand,416,8380
2000,3,7/24/2010,x,WA,ReverseLand,415,8360
2000,4,7/24/2010,x,WA,ReverseLand,414,8340
2000,5,7/24/2010,x,WA,ReverseLand,413,8320
2000,6,7/24/2010,x,WA,ReverseLand,412,8300
2000,7,7/24/2010,x,WA,ReverseLand,411,8280
2000,8,7/24/2010,x,WA,ReverseLand,410,8260
2000,9,7/24/2010,x,WA,ReverseLand,409,8240
2000,10,7/24/2010,x,WA,ReverseLand,408,8220
2000,11,7/24/2010,x,WA,ReverseLand,407,8200
2000,12,7/24/2010,x,WA,ReverseLand,406,8180
2000,13,7/24/2010,x,WA,ReverseLand,405,8160
2000,14,7/24/2010,x,WA,ReverseLand,404,8140
2000,15,7/24/2010,x,WA,ReverseLand,403,8120
2000,16,7/24/2010,x,WA,ReverseLand,402,8100
2000,17,7/24/2010,x,WA,ReverseLand,401,8080
2000,18,7/24/2010,x,WA,ReverseLand,400,8060
2000,19,7/24/2010,x,WA,ReverseLand,399,8040
2000,20,7/24/2010,x,WA,ReverseLand,398,8020
2000,21,7/24/2010,x,WA,ReverseLand,397,8000
2000,22,7/24/2010,x,WA,ReverseLand,396,7980
2000,23,7/24/2010,x,WA,ReverseLand,395,7960
2000,24,7/24/2010,x,WA,ReverseLand,394,7940
2000,25,7/24/2010,x,WA,ReverseLand,393,7920
2000,26,7/24/2010,x,WA,ReverseLand,392,7900
2000,27,7/24/2010,x,WA,ReverseLand,391,7880
2000,28,7/24/2010,x,WA,ReverseLand,390,7860
2000,29,7/24/2010,x,WA,ReverseLand,389,7840
2000,30,7/24/2010,x,WA,ReverseLand,388,7820
2000,31,7/24/2010,x,WA,ReverseLand,387,7800
2000,32,7/24/2010,x,WA,ReverseLand,386,7780
2000,33,7/24/2010,x,WA,ReverseLand,385,7760
2000,34,7/24/2010,x,WA,ReverseLand,384,7740
2000,35,7/24/2010,x,WA,ReverseLand,383,7720
2000,36,7/24/2010,x,WA,ReverseLand,382,7700
2000,37,7/24/2010,x,WA,ReverseLand,381,7680
2000,38,7/24/2010,x,WA,ReverseLand,380,7660
2000,39,7/24/2010,x,WA,ReverseLand,379,7640
2000,40,7/24/2010,x,WA,ReverseLand,378,7620
2000,41,7/24/2010,x,WA,ReverseLand,377,7600
2000,42,7/24/2010,x,WA,ReverseLand,376,7580
2000,43,7/24/2010,x,WA,ReverseLand,375,7560
2000,44,7/24/2010,x,WA,ReverseLand,374,7540
2000,45,7/24/2010,x,WA,ReverseLand,373,7520
2000,46,7/24/2010,x,WA,ReverseLand,372,7500
2000,47,7/24/2010,x,WA,ReverseLand,371,7480
2000,48,7/24/2010,x,WA,ReverseLand,370,7460
2000,49,7/24/2010,x,WA,ReverseLand,369,7440
2000,50,7/24/2010,x,WA,ReverseLand,368,7420
2000,51,7/24/2010,x,WA,ReverseLand,367,7400
2000,52,7/24/2010,x,WA,ReverseLand,366,7380
2000,1,7/24/2010,x,WA,ReverseLand,365,7360
2000,2,7/24/2010,x,WA,ReverseLand,364,7340
2000,3,7/24/2010,x,WA,ReverseLand,363,7320
2000,4,7/24/2010,x,WA,ReverseLand,362,7300
2000,5,7/24/2010,x,WA,ReverseLand,361,7280
2000,6,7/24/2010,x,WA,ReverseLand,360,7260
2000,7,7/24/2010,x,WA,ReverseLand,359,7240
2000,8,7/24/2010,x,WA,ReverseLand,358,7220
2000,9,7/24/2010,x,WA,ReverseLand,357,7200
2000,10,7/24/2010,x,WA,ReverseLand,356,7180
2000,11,7/24/2010,x,WA,ReverseLand,355,7160
2000,12,7/24/2010,x,WA,ReverseLand,354,7140
2000,13,7/24/2010,x,WA,ReverseLand,353,7120
2000,14,7/24/2010,x,WA,ReverseLand,352,7100
2000,15,7/24/2010,x,WA,ReverseLand,351,7080
2000,16,7/24/2010,x,WA,ReverseLand,350,7060
2000,17,7/24/2010,x,WA,ReverseLand,349,7040
2000,19,7/24/2010,x,WA,ReverseLand,348,7020
2000,20,7/24/2010,x,WA,ReverseLand,347,7000
2000,21,7/24/2010,x,WA,ReverseLand,346,6980
2000,22,7/24/2010,x,WA,ReverseLand,345,6960
2000,23,7/24/2010,x,WA,ReverseLand,344,6940
2000,24,7/24/2010,x,WA,ReverseLand,343,6920
2000,25,7/24/2010,x,WA,ReverseLand,342,6900
2000,26,7/24/2010,x,WA,ReverseLand,341,6880
2000,27,7/24/2010,x,WA,ReverseLand,340,6860
2000,28,7/24/2010,x,WA,ReverseLand,339,6840
2000,29,7/24/2010,x,WA,ReverseLand,338,6820
2000,30,7/24/2010,x,WA,ReverseLand,337,6800
2000,31,7/24/2010,x,WA,ReverseLand,336,6780
2000,32,7/24/2010,x,WA,ReverseLand,335,6760
2000,33,7/24/2010,x,WA,ReverseLand,334,6740
2000,34,7/24/2010,x,WA,ReverseLand,333,6720
2000,35,7/24/2010,x,WA,ReverseLand,332,6700
2000,36,7/24/2010,x,WA,ReverseLand,331,6680
2000,37,7/24/2010,x,WA,ReverseLand,330,6660
2000,38,7/24/2010,x,WA,ReverseLand,329,6640
2000,39,7/24/2010,x,WA,ReverseLand,328,6620
2000,40,7/24/2010,x,WA,ReverseLand,327,6600
2000,41,7/24/2010,x,WA,ReverseLand,326,6580
2000,42,7/24/2010,x,WA,ReverseLand,325,6560
2000,43,7/24/2010,x,WA,ReverseLand,324,6540
2000,44,7/24/2010,x,WA,ReverseLand,323,6520
2000,45,7/24/2010,x,WA,ReverseLand,322,6500
2000,46,7/24/2010,x,WA,ReverseLand,321,6480
2000,47,7/24/2010,x,WA,ReverseLand,320,6460
2000,48,7/24/2010,x,WA,ReverseLand,319,6440
2000,49,7/24/2010,x,WA,ReverseLand,318,6420
2000,50,7/24/2010,x,WA,ReverseLand,317,6400
2000,51,7/24/2010,x,WA,ReverseLand,316,6380
2000,52,7/24/2010,x,WA,ReverseLand,315,6360
2000,1,7/24/2010,x,WA,ReverseLand,314,6340
2000,2,7/24/2010,x,WA,ReverseLand,313,6320
2000,3,7/24/2010,x,WA,ReverseLand,312,6300
2000,4,7/24/2010,x,WA,ReverseLand,311,6280
2000,5,7/24/2010,x,WA,ReverseLand,310,6260
2000,6,7/24/2010,x,WA,ReverseLand,309,6240
2000,7,7/24/2010,x,WA,ReverseLand,308,6220
2000,8,7/24/2010,x,WA,ReverseLand,307,6200
2000,9,7/24/2010,x,WA,ReverseLand,306,6180
2000,10,7/24/2010,x,WA,ReverseLand,305,6160
2000,11,7/24/2010,x,WA,ReverseLand,304,6140
2000,12,7/24/2010,x,WA,ReverseLand,303,6120
2000,13,7/24/2010,x,WA,ReverseLand,302,6100
2000,14,7/24/2010,x,WA,ReverseLand,301,6080
2000,15,7/24/2010,x,WA,ReverseLand,300,6060
2000,16,7/24/2010,x,WA,ReverseLand,299,6040
2000,17,7/24/2010,x,WA,ReverseLand,298,6020
2000,18,7/24/2010,x,WA,ReverseLand,297,6000
2000,19,7/24/2010,x,WA,ReverseLand,296,5980
2000,20,7/24/2010,x,WA,ReverseLand,295,5960
2000,21,7/24/2010,x,WA,ReverseLand,294,5940
2000,22,7/24/2010,x,WA,ReverseLand,293,5920
2000,23,7/24/2010,x,WA,ReverseLand,292,5900
2000,24,7/24/2010,x,WA,ReverseLand,291,5880
2000,25,7/24/2010,x,WA,ReverseLand,290,5860
2000,26,7/24/2010,x,WA,ReverseLand,289,5840
2000,27,7/24/2010,x,WA,ReverseLand,288,5820
2000,28,7/24/2010,x,WA,ReverseLand,287,5800
2000,29,7/24/2010,x,WA,ReverseLand,286,5780
2000,30,7/24/2010,x,WA,ReverseLand,285,5760
2000,31,7/24/2010,x,WA,ReverseLand,284,5740
2000,32,7/24/2010,x,WA,ReverseLand,283,5720
2000,33,7/24/2010,x,WA,ReverseLand,282,5700
2000,34,7/24/2010,x,WA,ReverseLand,281,5680
2000,35,7/24/2010,x,WA,ReverseLand,280,5660
2000,36,7/24/2010,x,WA,ReverseLand,279,5640
2000,37,7/24/2010,x,WA,ReverseLand,278,5620
2000,38,7/24/2010,x,WA,ReverseLand,277,5600
2000,39,7/24/2010,x,WA,ReverseLand,276,5580
2000,40,7/24/2010,x,WA,ReverseLand,275,5560
2000,41,7/24/2010,x,WA,ReverseLand,274,5540
2000,42,7/24/2010,x,WA,ReverseLand,273,5520
2000,43,7/24/2010,x,WA,ReverseLand,272,5500
2000,44,7/24/2010,x,WA,ReverseLand,271,5480
2000,45,7/24/2010,x,WA,ReverseLand,270,5460
2000,46,7/24/2010,x,WA,ReverseLand,269,5440
2000,47,7/24/2010,x,WA,ReverseLand,268,5420
2000,48,7/24/2010,x,WA,ReverseLand,267,5400
2000,49,7/24/2010,x,WA,ReverseLand,266,5380
2000,50,7/24/2010,x,WA,ReverseLand,265,5360
2000,51,7/24/2010,x,WA,ReverseLand,264,5340
2000,52,7/24/2010,x,WA,ReverseLand,263,5320
2000,1,7/24/2010,x,WA,ReverseLand,262,5300
2000,2,7/24/2010,x,WA,ReverseLand,261,5280
2000,3,7/24/2010,x,WA,ReverseLand,260,5260
2000,4,7/24/2010,x,WA,ReverseLand,259,5240
2000,5,7/24/2010,x,WA,ReverseLand,258,5220
2000,6,7/24/2010,x,WA,ReverseLand,257,5200
2000,7,7/24/2010,x,WA,ReverseLand,256,5180
2000,8,7/24/2010,x,WA,ReverseLand,255,5160
2000,9,7/24/2010,x,WA,ReverseLand,254,5140
2000,10,7/24/2010,x,WA,ReverseLand,253,5120
2000,11,7/24/2010,x,WA,ReverseLand,252,5100
2000,12,7/24/2010,x,WA,ReverseLand,251,5080
2000,13,7/24/2010,x,WA,ReverseLand,250,5060
2000,14,7/24/2010,x,WA,ReverseLand,249,5040
2000,15,7/24/2010,x,WA,ReverseLand,248,5020
2000,16,7/24/2010,x,WA,ReverseLand,247,5000
2000,17,7/24/2010,x,WA,ReverseLand,246,4980
2000,18,7/24/2010,x,WA,ReverseLand,245,4960
2000,19,7/24/2010,x,WA,ReverseLand,244,4940
2000,20,7/24/2010,x,WA,ReverseLand,243,4920
2000,21,7/24/2010,x,WA,ReverseLand,242,4900
2000,22,7/24/2010,x,WA,ReverseLand,241,4880
2000,23,7/24/2010,x,WA,ReverseLand,240,4860
2000,24,7/24/2010,x,WA,ReverseLand,239,4840
2000,25,7/24/2010,x,WA,ReverseLand,238,4820
2000,26,7/24/2010,x,WA,ReverseLand,237,4800
2000,27,7/24/2010,x,WA,ReverseLand,236,4780
2000,28,7/24/2010,x,WA,ReverseLand,235,4760
2000,29,7/24/2010,x,WA,ReverseLand,234,4740
2000,30,7/24/2010,x,WA,ReverseLand,233,4720
2000,31,7/24/2010,x,WA,ReverseLand,232,4700
2000,32,7/24/2010,x,WA,ReverseLand,231,4680
2000,33,7/24/2010,x,WA,ReverseLand,230,4660
2000,34,7/24/2010,x,WA,ReverseLand,229,4640
2000,35,7/24/2010,x,WA,ReverseLand,228,4620
2000,36,7/24/2010,x,WA,ReverseLand,227,4600
2000,37,7/24/2010,x,WA,ReverseLand,226,4580
2000,38,7/24/2010,x,WA,ReverseLand,225,4560
2000,39,7/24/2010,x,WA,ReverseLand,224,4540
2000,40,7/24/2010,x,WA,ReverseLand,223,4520
2000,41,7/24/2010,x,WA,ReverseLand,222,4500
2000,42,7/24/2010,x,WA,ReverseLand,221,4480
2000,43,7/24/2010,x,WA,ReverseLand,220,4460
2000,44,7/24/2010,x,WA,ReverseLand,219,4440
2000,45,7/24/2010,x,WA,ReverseLand,218,4420
2000,46,7/24/2010,x,WA,ReverseLand,217,4400
2000,47,7/24/2010,x,WA,ReverseLand,216,4380
2000,48,7/24/2010,x,WA,ReverseLand,215,4360
2000,49,7/24/2010,x,WA,ReverseLand,214,4340
2000,50,7/24/2010,x,WA,ReverseLand,213,4320
2000,51,7/24/2010,x,WA,ReverseLand,212,4300
2000,52,7/24/2010,x,WA,ReverseLand,211,4280
2000,53,7/24/2010,x,WA,ReverseLand,210,4260
2000,1,7/24/2010,x,WA,ReverseLand,209,4240
2000,2,7/24/2010,x,WA,ReverseLand,208,4220
2000,3,7/24/2010,x,WA,ReverseLand,207,4200
2000,4,7/24/2010,x,WA,ReverseLand,206,4180
2000,5,7/24/2010,x,WA,ReverseLand,205,4160
2000,6,7/24/2010,x,WA,ReverseLand,204,4140
2000,7,7/24/2010,x,WA,ReverseLand,203,4120
2000,8,7/24/2010,x,WA,ReverseLand,202,4100
2000,9,7/24/2010,x,WA,ReverseLand,201,4080
2000,10,7/24/2010,x,WA,ReverseLand,200,4060
2000,11,7/24/2010,x,WA,ReverseLand,199,4040
2000,12,7/24/2010,x,WA,ReverseLand,198,4020
2000,13,7/24/2010,x,WA,ReverseLand,197,4000
2000,14,7/24/2010,x,WA,ReverseLand,196,3980
2000,15,7/24/2010,x,WA,ReverseLand,195,3960
2000,16,7/24/2010,x,WA,ReverseLand,194,3940
2000,17,7/24/2010,x,WA,ReverseLand,193,3920
2000,18,7/24/2010,x,WA,ReverseLand,192,3900
2000,19,7/24/2010,x,WA,ReverseLand,191,3880
2000,20,7/24/2010,x,WA,ReverseLand,190,3860
2000,21,7/24/2010,x,WA,ReverseLand,189,3840
2000,22,7/24/2010,x,WA,ReverseLand,188,3820
2000,23,7/24/2010,x,WA,ReverseLand,187,3800
2000,24,7/24/2010,x,WA,ReverseLand,186,3780
2000,25,7/24/2010,x,WA,ReverseLand,185,3760
2000,26,7/24/2010,x,WA,ReverseLand,184,3740
2000,27,7/24/2010,x,WA,ReverseLand,183,3720
2000,28,7/24/2010,x,WA,ReverseLand,182,3700
2000,29,7/24/2010,x,WA,ReverseLand,181,3680
2000,30,7/24/2010,x,WA,ReverseLand,180,3660
2000,31,7/24/2010,x,WA,ReverseLand,179,3640
2000,32,7/24/2010,x,WA,ReverseLand,178,3620
2000,33,7/24/2010,x,WA,ReverseLand,177,3600
2000,34,7/24/2010,x,WA,ReverseLand,176,3580
2000,35,7/24/2010,x,WA,ReverseLand,175,3560
2000,36,7/24/2010,x,WA,ReverseLand,174,3540
2000,37,7/24/2010,x,WA,ReverseLand,173,3520
2000,38,7/24/2010,x,WA,ReverseLand,172,3500
2000,39,7/24/2010,x,WA,ReverseLand,171,3480
2000,40,7/24/2010,x,WA,ReverseLand,170,3460
2000,41,7/24/2010,x,WA,ReverseLand,169,3440
2000,42,7/24/2010,x,WA,ReverseLand,168,3420
2000,43,7/24/2010,x,WA,ReverseLand,167,3400
2000,44,7/24/2010,x,WA,ReverseLand,166,3380
2000,45,7/24/2010,x,WA,ReverseLand,165,3360
2000,46,7/24/2010,x,WA,ReverseLand,164,3340
2000,47,7/24/2010,x,WA,ReverseLand,163,3320
2000,48,7/24/2010,x,WA,ReverseLand,162,3300
2000,49,7/24/2010,x,WA,ReverseLand,161,3280
2000,50,7/24/2010,x,WA,ReverseLand,160,3260
2000,51,7/24/2010,x,WA,ReverseLand,159,3240
2000,52,7/24/2010,x,WA,ReverseLand,158,3220
2000,1,7/24/2010,x,WA,ReverseLand,157,3200
2000,2,7/24/2010,x,WA,ReverseLand,156,3180
2000,3,7/24/2010,x,WA,ReverseLand,155,3160
2000,4,7/24/2010,x,WA,ReverseLand,154,3140
2000,5,7/24/2010,x,WA,ReverseLand,153,3120
2000,6,7/24/2010,x,WA,ReverseLand,152,3100
2000,7,7/24/2010,x,WA,ReverseLand,151,3080
2000,8,7/24/2010,x,WA,ReverseLand,150,3060
2000,9,7/24/2010,x,WA,ReverseLand,149,3040
2000,10,7/24/2010,x,WA,ReverseLand,148,3020
2000,11,7/24/2010,x,WA,ReverseLand,147,3000
2000,12,7/24/2010,x,WA,ReverseLand,146,2980
2000,13,7/24/2010,x,WA,ReverseLand,145,2960
2000,14,7/24/2010,x,WA,ReverseLand,144,2940
2000,15,7/24/2010,x,WA,ReverseLand,143,2920
2000,16,7/24/2010,x,WA,ReverseLand,142,2900
2000,17,7/24/2010,x,WA,ReverseLand,141,2880
2000,18,7/24/2010,x,WA,ReverseLand,140,2860
2000,19,7/24/2010,x,WA,ReverseLand,139,2840
2000,20,7/24/2010,x,WA,ReverseLand,138,2820
2000,21,7/24/2010,x,WA,ReverseLand,137,2800
2000,22,7/24/2010,x,WA,ReverseLand,136,2780
2000,23,7/24/2010,x,WA,ReverseLand,135,2760
2000,24,7/24/2010,x,WA,ReverseLand,134,2740
2000,25,7/24/2010,x,WA,ReverseLand,133,2720
2000,26,7/24/2010,x,WA,ReverseLand,132,2700
2000,28,7/24/2010,x,WA,ReverseLand,131,2680
2000,29,7/24/2010,x,WA,ReverseLand,130,2660
2000,30,7/24/2010,x,WA,ReverseLand,129,2640
2000,31,7/24/2010,x,WA,ReverseLand,128,2620
2000,32,7/24/2010,x,WA,ReverseLand,127,2600
2000,33,7/24/2010,x,WA,ReverseLand,126,2580
2000,34,7/24/2010,x,WA,ReverseLand,125,2560
2000,35,7/24/2010,x,WA,ReverseLand,124,2540
2000,36,7/24/2010,x,WA,ReverseLand,123,2520
2000,37,7/24/2010,x,WA,ReverseLand,122,2500
2000,38,7/24/2010,x,WA,ReverseLand,121,2480
2000,39,7/24/2010,x,WA,ReverseLand,120,2460
2000,40,7/24/2010,x,WA,ReverseLand,119,2440
2000,41,7/24/2010,x,WA,ReverseLand,118,2420
2000,42,7/24/2010,x,WA,ReverseLand,117,2400
2000,43,7/24/2010,x,WA,ReverseLand,116,2380
2000,44,7/24/2010,x,WA,ReverseLand,115,2360
2000,45,7/24/2010,x,WA,ReverseLand,114,2340
2000,46,7/24/2010,x,WA,ReverseLand,113,2320
2000,47,7/24/2010,x,WA,ReverseLand,112,2300
2000,48,7/24/2010,x,WA,ReverseLand,111,2280
2000,49,7/24/2010,x,WA,ReverseLand,110,2260
2000,50,7/24/2010,x,WA,ReverseLand,109,2240
2000,51,7/24/2010,x,WA,ReverseLand,108,2220
2000,52,7/24/2010,x,WA,ReverseLand,107,2200
2000,1,7/24/2010,x,WA,ReverseLand,106,2180
2000,2,7/24/2010,x,WA,ReverseLand,105,2160
2000,3,7/24/2010,x,WA,ReverseLand,104,2140
2000,4,7/24/2010,x,WA,ReverseLand,103,2120
2000,5,7/24/2010,x,WA,ReverseLand,102,2100
2000,6,7/24/2010,x,WA,ReverseLand,101,2080
2000,7,7/24/2010,x,WA,ReverseLand,100,2060
2000,8,7/24/2010,x,WA,ReverseLand,99,2040
2000,9,7/24/2010,x,WA,ReverseLand,98,2020
2000,10,7/24/2010,x,WA,ReverseLand,97,2000
2000,11,7/24/2010,x,WA,ReverseLand,96,1980
2000,12,7/24/2010,x,WA,ReverseLand,95,1960
2000,13,7/24/2010,x,WA,ReverseLand,94,1940
2000,14,7/24/2010,x,WA,ReverseLand,93,1920
2000,15,7/24/2010,x,WA,ReverseLand,92,1900
2000,16,7/24/2010,x,WA,ReverseLand,91,1880
2000,17,7/24/2010,x,WA,ReverseLand,90,1860
2000,18,7/24/2010,x,WA,ReverseLand,89,1840
2000,19,7/24/2010,x,WA,ReverseLand,88,1820
2000,20,7/24/2010,x,WA,ReverseLand,87,1800
2000,21,7/24/2010,x,WA,ReverseLand,86,1780
2000,22,7/24/2010,x,WA,ReverseLand,85,1760
2000,23,7/24/2010,x,WA,ReverseLand,84,1740
2000,24,7/24/2010,x,WA,ReverseLand,83,1720
2000,25,7/24/2010,x,WA,ReverseLand,82,1700
2000,26,7/24/2010,x,WA,ReverseLand,81,1680
2000,27,7/24/2010,x,WA,ReverseLand,80,1660
2000,28,7/24/2010,x,WA,ReverseLand,79,1640
2000,29,7/24/2010,x,WA,ReverseLand,78,1620
2000,30,7/24/2010,x,WA,ReverseLand,77,1600
2000,31,7/24/2010,x,WA,ReverseLand,76,1580
2000,32,7/24/2010,x,WA,ReverseLand,75,1560
2000,33,7/24/2010,x,WA,ReverseLand,74,1540
2000,34,7/24/2010,x,WA,ReverseLand,73,1520
2000,35,7/24/2010,x,WA,ReverseLand,72,1500
2000,36,7/24/2010,x,WA,ReverseLand,71,1480
2000,37,7/24/2010,x,WA,ReverseLand,70,1460
2000,38,7/24/2010,x,WA,ReverseLand,69,1440
2000,39,7/24/2010,x,WA,ReverseLand,68,1420
2000,40,7/24/2010,x,WA,ReverseLand,67,1400
2000,41,7/24/2010,x,WA,ReverseLand,66,1380
2000,42,7/24/2010,x,WA,ReverseLand,65,1360
2000,43,7/24/2010,x,WA,ReverseLand,64,1340
2000,44,7/24/2010,x,WA,ReverseLand,63,1320
2000,46,7/24/2010,x,WA,ReverseLand,62,1300
2000,47,7/24/2010,x,WA,ReverseLand,61,1280
2000,48,7/24/2010,x,WA,ReverseLand,60,1260
2000,49,7/24/2010,x,WA,ReverseLand,59,1240
2000,50,7/24/2010,x,WA,ReverseLand,58,1220
2000,51,7/24/2010,x,WA,ReverseLand,57,1200
2000,52,7/24/2010,x,WA,ReverseLand,56,1180
2000,1,7/24/2010,x,WA,ReverseLand,55,1160
2000,2,7/24/2010,x,WA,ReverseLand,54,1140
2000,3,7/24/2010,x,WA,ReverseLand,53,1120
2000,4,7/24/2010,x,WA,ReverseLand,52,1100
2000,5,7/24/2010,x,WA,ReverseLand,51,1080
2000,6,7/24/2010,x,WA,ReverseLand,50,1060
2000,7,7/24/2010,x,WA,ReverseLand,49,1040
2000,8,7/24/2010,x,WA,ReverseLand,48,1020
2000,9,7/24/2010,x,WA,ReverseLand,47,1000
2000,10,7/24/2010,x,WA,ReverseLand,46,980
2000,11,7/24/2010,x,WA,ReverseLand,45,960
2000,12,7/24/2010,x,WA,ReverseLand,44,940
2000,13,7/24/2010,x,WA,ReverseLand,43,920
2000,14,7/24/2010,x,WA,ReverseLand,42,900
2000,15,7/24/2010,x,WA,ReverseLand,41,880
2000,16,7/24/2010,x,WA,ReverseLand,40,860
2000,17,7/24/2010,x,WA,ReverseLand,39,840
2000,18,7/24/2010,x,WA,ReverseLand,38,820
2000,19,7/24/2010,x,WA,ReverseLand,37,800
2000,20,7/24/2010,x,WA,ReverseLand,36,780
2000,21,7/24/2010,x,WA,ReverseLand,35,760
2000,22,7/24/2010,x,WA,ReverseLand,34,740
2000,23,7/24/2010,x,WA,ReverseLand,33,720
2000,24,7/24/2010,x,WA,ReverseLand,32,700
2000,25,7/24/2010,x,WA,ReverseLand,31,680
2000,26,7/24/2010,x,WA,ReverseLand,30,660
2000,27,7/24/2010,x,WA,ReverseLand,29,640
2000,28,7/24/2010,x,WA,ReverseLand,28,620
2000,29,7/24/2010,x,WA,ReverseLand,27,600
2000,30,7/24/2010,x,WA,ReverseLand,26,580
2000,31,7/24/2010,x,WA,ReverseLand,25,560
2000,32,7/24/2010,x,WA,ReverseLand,24,540
2000,33,7/24/2010,x,WA,ReverseLand,23,520
2000,34,7/24/2010,x,WA,ReverseLand,22,500
2000,35,7/24/2010,x,WA,ReverseLand,21,480
2000,36,7/24/2010,x,WA,ReverseLand,20,460
2000,37,7/24/2010,x,WA,ReverseLand,19,440
2000,38,7/24/2010,x,WA,ReverseLand,18,420
2000,39,7/24/2010,x,WA,ReverseLand,17,400
2000,40,7/24/2010,x,WA,ReverseLand,16,380
2000,41,7/24/2010,x,WA,ReverseLand,15,360
2000,42,7/24/2010,x,WA,ReverseLand,14,340
2000,43,7/24/2010,x,WA,ReverseLand,13,320
2000,44,7/24/2010,x,WA,ReverseLand,12,300
2000,45,7/24/2010,x,WA,ReverseLand,11,280
2000,46,7/24/2010,x,WA,ReverseLand,10,260
2000,47,7/24/2010,x,WA,ReverseLand,9,240
2000,48,7/24/2010,x,WA,ReverseLand,8,220
2000,49,7/24/2010,x,WA,ReverseLand,7,200
2000,50,7/24/2010,x,WA,ReverseLand,6,180
2000,51,7/24/2010,x,WA,ReverseLand,5,160
2000,52,7/24/2010,x,WA,ReverseLand,4,140
2000,1,7/24/2010,x,WA,ReverseLand,3,120
2000,2,7/24/2010,x,WA,ReverseLand,2,100
2000,3,7/24/2010,x,WA,ReverseLand,1,80
2000,4,7/24/2010,x,WA,ReverseLand,0,60
